in_cluster_gene_name,mcl_community_id,core_cluster_id,module_id,branch_id,uniprot_id
DKFZP564M2223,1,0,M17,C,Q659G3
EPRS1,1,NULL,M17,C,P07814
RPS10-NUDT3,1,0,M17,C,NA
SRP9,1,0,M17,C,P49458
CCDC86,1,NULL,M17,C,Q9H6F5
EIF4B,1,1,M17,C,P23588
SERBP1,1,0,M17,C,Q8NC51
HMGB2,1,0,M17,C,P26583
FAU,1,1,M17,C,P62861
MTDH,1,0,M17,C,Q86UE4
PRRC2B,1,NULL,M17,C,Q5JSZ5
AVEN,1,NULL,M17,C,Q9NQS1
NCL,1,0,M17,C,P19338
G3BP2,1,0,M17,C,Q9UN86
CCDC124,1,0,M17,C,Q96CT7
LARP4B,1,NULL,M17,C,Q92615
G3BP1,1,0,M17,C,Q13283
RBM8A,1,0,M17,C,Q9Y5S9
WASH6P,1,NULL,M17,C,Q9NQA3
CAPRIN1,1,0,M17,C,Q14444
LYAR,1,NULL,M17,C,Q9NX58
RRP1B,1,NULL,M17,C,Q14684
ZCCHC17,1,NULL,M17,C,Q9NP64
RPLP2,1,0,M17,C,P05387
ILF3,1,0,M17,C,Q12906
RPS10,1,0,M17,C,P46783
ZNF598,1,NULL,M17,C,Q86UK7
WASH4P,1,NULL,M17,C,A8MWX3
RPS25,1,0,M17,C,P62851
WASH3P,1,NULL,M17,C,C4AMC7
RPS26,1,0,M17,C,P62854
WASH2P,1,NULL,M17,C,Q6VEQ5
RBM28,1,NULL,M17,C,Q9NW13
RPL39,1,0,M17,C,P62891
RPL39P5,1,0,M17,C,Q59GN2
WASHC1,1,NULL,M17,C,A8K0Z3
PSPC1,1,1,M17,C,Q8WXF1
LARP4,1,NULL,M17,C,Q71RC2
RPL24,1,0,M17,C,P83731
MAGEB2,1,NULL,M17,C,O15479
RPS24,1,0,M17,C,P62847
RPS14,1,0,M17,C,P62263
ZC3H15,1,0,M17,C,Q8WU90
RPLP1,1,0,M17,C,P05386
GNL2,1,NULL,M17,C,Q13823
RPS28,1,0,M17,C,P62857
RPL23A,1,0,M17,C,P62750
RPS6,1,0,M17,C,P62753
RPL26,1,0,M17,C,P61254
RPL14,1,0,M17,C,P50914
STAU1,1,0,M17,C,O95793
BTF3L4,1,NULL,M17,C,Q96K17
RPS27,1,0,M17,C,P42677
RPL26L1,1,0,M17,C,Q9UNX3
HSPB1,1,0,M17,C,P04792
RPL13,1,0,M17,C,P26373
METAP2,1,0,M17,C,P50579
SRP19,1,0,M17,C,P09132
LSG1,1,NULL,M17,C,Q9H089
SRP14,1,0,M17,C,P37108
RPL18,1,0,M17,C,Q07020
CENPQ,1,NULL,M17,C,Q7L2Z9
RPL21,1,0,M17,C,P46778
RPL36,1,0,M17,C,Q9Y3U8
RPL19,1,0,M17,C,P84098
RPL6,1,0,M17,C,Q02878
RPL35,1,0,M17,C,P42766
RPL31,1,0,M17,C,P62899
EIF3CL,1,0,M17,C,B5ME19
EIF3C,1,0,M17,C,Q99613
ZNF622,1,NULL,M17,C,Q969S3
RPL28,1,0,M17,C,P46779
SSR1,1,0,M17,C,P43307
SRP72,1,0,M17,C,O76094
RPS27L,1,0,M17,C,Q71UM5
RPL27A,1,0,M17,C,P46776
RPS19,1,0,M17,C,P39019
NKRF,1,NULL,M17,C,O15226
TARBP2,1,NULL,M17,C,Q15633
SDAD1,1,NULL,M17,C,Q9NVU7
PDZD8,1,NULL,M17,C,Q8NEN9
RPS20,1,0,M17,C,P60866
RPL4,1,0,M17,C,P36578
RPS2,1,0,M17,C,P15880
RPL15,1,0,M17,C,P61313
RPL8,1,0,M17,C,P62917
GTPBP4,1,NULL,M17,C,Q9BZE4
RPS9,1,0,M17,C,P46781
RPL34,1,0,M17,C,P49207
RPL17,1,0,M17,C,P18621
RPS15,1,0,M17,C,P62841
EXOSC9,1,NULL,M17,C,Q06265
RPL32,1,0,M17,C,P62910
RPS3A,1,0,M17,C,P61247
PABPC1,1,0,M17,C,P11940
RPL12,1,0,M17,C,P30050
DLG1,1,0,M17,C,Q12959
ILF2,1,0,M17,C,Q12905
RPS7,1,0,M17,C,P62081
PA2G4,1,0,M17,C,Q9UQ80
RPS17,1,0,M17,C,P08708
RPL23,1,0,M17,C,P62829
GSPT1,1,0,M17,C,P15170
RPS23,1,0,M17,C,P62266
RPS3,1,0,M17,C,P23396
RPL7A,1,0,M17,C,P62424
DHX29,1,NULL,M17,C,Q7Z478
MRM3,1,NULL,M17,C,Q9HC36
RPL22,1,0,M17,C,P35268
RPS18,1,0,M17,C,P62269
RPS13,1,0,M17,C,P62277
RPL35A,1,0,M17,C,P18077
RPL30,1,0,M17,C,P62888
RPS16,1,0,M17,C,P62249
SRP68,1,0,M17,C,Q9UHB9
RPL27,1,0,M17,C,P61353
SEC61G,1,0,M17,C,P60059
RPL5,1,0,M17,C,P46777
RPSA,1,0,M17,C,P08865
RPL3,1,0,M17,C,P39023
RPS21,1,0,M17,C,P63220
DHX57,1,NULL,M17,C,Q6P158
RPL18A,1,0,M17,C,Q02543
EXOSC3,1,NULL,M17,C,Q9NQT5
TPT1,1,0,M17,C,P13693
EIF1B,1,NULL,M17,C,O60739
RPL7,1,0,M17,C,P18124
ENY2,1,0,M17,C,Q9NPA8
RPL11,1,0,M17,C,P62913
SND1,1,NULL,M17,C,Q7KZF4
SRP9,1,0,M17,C,P49458
RPS5,1,0,M17,C,P46782
RPS11,1,0,M17,C,P62280
RPS4X,1,0,M17,C,P62701
DHX30,1,NULL,M17,C,Q7L2E3
DARS1,1,NULL,M17,C,P14868
ASCC1,1,NULL,M17,C,Q8N9N2
GPC4,1,NULL,M17,C,O75487
RPL13A,1,0,M17,C,P40429
ABCF2,1,NULL,M17,C,Q9UG63
RPL10A,1,0,M17,C,P62906
DRG1,1,0,M17,C,Q9Y295
GLUD2,1,0,M17,C,P49448
MAGOH,1,0,M17,C,P61326
RPLP0P6,1,0,M17,C,Q8NHW5
GLUD1,1,0,M17,C,P00367
MAGOHB,1,0,M17,C,Q96A72
RPS12,1,0,M17,C,P25398
RPL9,1,0,M17,C,P32969
EXOSC4,1,NULL,M17,C,Q9NPD3
RPL10,1,0,M17,C,P27635
RPS15A,1,0,M17,C,P62244
RPLP0,1,0,M17,C,P05388
RACK1,1,0,M17,C,P63244
RACK1,1,0,M17,C,P63244
MARS1,1,0,M17,C,P56192
EEF2,1,0,M17,C,P13639
SERPINB12,1,NULL,M17,C,Q96P63
EIF4A2,1,NULL,M17,C,Q14240
SSR4,1,0,M17,C,P51571
ATG4B,1,0,M17,C,Q9Y4P1
SRP54,1,0,M17,C,P61011
HERC5,1,NULL,M17,C,Q9UII4
ATG7,1,0,M17,C,O95352
FASTKD2,1,0,M17,C,Q9NYY8
HCG_1984214,2,NULL,M17,C,I3L0E3
KRI1,2,NULL,M17,C,Q8N9T8
NPM1,2,NULL,M17,C,P06748
RRP8,2,NULL,M17,C,O43159
ISG20L2,2,NULL,M17,C,Q9H9L3
MRPS18B,2,NULL,M17,C,Q9Y676
NIFK,2,NULL,M17,C,Q9BYG3
MRPS23,2,NULL,M17,C,Q9Y3D9
NPM3,2,NULL,M17,C,O75607
SENP5,2,NULL,M17,C,Q96HI0
MRPL41,2,NULL,M17,C,Q8IXM3
PUM3,2,NULL,M17,C,Q15397
MRPL24,2,NULL,M17,C,Q96A35
EPB41L5,2,NULL,M17,C,Q9HCM4
CMAS,2,NULL,M17,C,Q8NFW8
MRPS17,2,NULL,M17,C,Q9Y2R5
RIOX2,2,NULL,M17,C,Q8IUF8
NEPRO,2,NULL,M17,C,Q6NW34
RFLNB,3,NULL,M06,A,Q8N5W9
CALD1,3,2,M06,A,Q05682
KIAA1671,3,NULL,M06,A,Q9BY89
WASHC2A,3,2,M06,A,Q641Q2
LIMA1,3,NULL,M06,A,Q9UHB6
UBN2,3,NULL,M06,A,Q6ZU65
NEXN,3,NULL,M06,A,Q0ZGT2
SIPA1L3,3,NULL,M06,A,O60292
PPP1R9A,3,NULL,M06,A,Q9ULJ8
SPECC1,3,NULL,M06,A,Q5M775
PEAK1,3,NULL,M06,A,Q9H792
CNOT2,3,NULL,M06,A,Q9NZN8
CD2AP,3,2,M06,A,Q9Y5K6
DBNL,3,NULL,M06,A,Q9UJU6
SVIL,3,NULL,M06,A,O95425
PHLDB2,3,NULL,M06,A,Q86SQ0
CABIN1,3,NULL,M06,A,Q9Y6J0
SPAST,3,NULL,M06,A,Q9UBP0
NSUN2,3,NULL,M06,A,Q08J23
AIF1L,3,NULL,M06,A,Q9BQI0
DCTN2,3,2,M06,A,Q13561
MPP5,3,NULL,M06,A,Q8N3R9
TMOD1,3,NULL,M06,A,P28289
ASF1A,3,NULL,M06,A,Q9Y294
FLNA,3,NULL,M06,A,P21333
FLNC,3,NULL,M06,A,Q14315
TMOD3,3,NULL,M06,A,Q9NYL9
HIRA,3,NULL,M06,A,P54198
FLNB,3,NULL,M06,A,O75369
CAPZB,3,2,M06,A,P47756
MTPN,3,2,M06,A,P58546
DCTN4,3,2,M06,A,Q9UJW0
TWF1,3,2,M06,A,Q12792
CAPZA1,3,2,M06,A,P52907
PPP1CA,3,NULL,M06,A,P62136
FLII,3,NULL,M06,A,Q13045
PPP1CB,3,NULL,M06,A,P62140
SPTAN1,3,NULL,M06,A,Q13813
PPP1CC,3,NULL,M06,A,P36873
ACTR10,3,2,M06,A,Q9NZ32
MYO5C,3,NULL,M06,A,Q9NQX4
DCTN3,3,2,M06,A,O75935
CAPZA2,3,2,M06,A,P47755
ACTR1B,3,2,M06,A,P42025
DCTN5,3,NULL,M06,A,Q9BTE1
MEAF6,4,NULL,M01,A,Q9HAF1
MSL1,4,NULL,M01,A,Q68DK7
XRCC1,4,NULL,M01,A,P18887
H2BC21,4,3,M01,A,Q16778
KAT7,4,NULL,M01,A,O95251
H3C15,4,3,M01,A,Q71DI3
UHRF1,4,NULL,M01,A,Q96T88
PNKP,4,NULL,M01,A,Q96T60
LIG3,4,NULL,M01,A,P49916
APTX,4,NULL,M01,A,Q7Z2E3
PARP1,4,3,M01,A,P09874
CHD1L,4,NULL,M01,A,Q86WJ1
HLTF,4,NULL,M01,A,Q14527
CORO1B,4,NULL,M01,A,Q9BR76
POLB,4,NULL,M01,A,P06746
SHPRH,4,NULL,M01,A,Q149N8
MCM5,4,NULL,M01,A,P33992
RECQL,4,NULL,M01,A,P46063
CORO1C,4,NULL,M01,A,Q9ULV4
CBX4,5,NULL,M01,A,O00257
PHF2,5,NULL,M01,A,O75151
ING5,5,NULL,M01,A,Q8WYH8
JADE3,5,NULL,M01,A,Q92613
JADE1,5,NULL,M01,A,Q6IE81
PCGF5,5,NULL,M01,A,Q86SE9
GTF3C5,5,NULL,M01,A,Q9Y5Q8
PCGF3,5,NULL,M01,A,Q3KNV8
RPS6KA3,5,NULL,M01,A,P51812
CSNK2B,5,NULL,M01,A,P67870
SNX9,6,NULL,M01,A,Q9Y5X1
DNM1,6,NULL,M01,A,Q05193
DNM3,6,NULL,M01,A,Q9UQ16
DNM2,6,NULL,M01,A,P50570
SEC61B,7,5,M18,C,P60468
SEC62,7,5,M18,C,Q99442
PGRMC2,7,5,M18,C,O15173
TEX264,7,NULL,M18,C,Q9Y6I9
CCDC47,7,4,M18,C,Q96A33
SEC63,7,5,M18,C,Q9UGP8
EMC10,7,4,M18,C,Q5UCC4
EMC7,7,4,M18,C,Q9NPA0
MMGT1,7,NULL,M18,C,Q8N4V1
EMC4,7,4,M18,C,Q5J8M3
ERN1,7,5,M18,C,O75460
SSR3,7,5,M18,C,Q9UNL2
PTRH2,7,NULL,M18,C,Q9Y3E5
ODR4,7,NULL,M18,C,Q5SWX8
RAB29,7,NULL,M18,C,O14966
EMC2,7,4,M18,C,Q15006
DERL2,7,4,M18,C,Q9GZP9
ATP13A1,7,NULL,M18,C,Q9HD20
EMC8,7,4,M18,C,O43402
EMC9,7,4,M18,C,Q9Y3B6
EMC3,7,4,M18,C,Q9P0I2
ATP2A2,7,NULL,M18,C,P16615
TMEM33,7,4,M18,C,P57088
EMC1,7,4,M18,C,Q8N766
SEC61A1,7,5,M18,C,P61619
SEC61A2,7,5,M18,C,Q9H9S3
SAR1B,8,6,M09,A,Q9H029
HSP90B1,8,6,M09,A,P14625
UFM1,8,NULL,M09,A,P61960
UBA5,8,NULL,M09,A,Q9GZZ9
UFC1,8,NULL,M09,A,Q9Y3C8
SAR1B,8,6,M09,A,Q9Y6B6
TCF20,9,NULL,M01,A,Q9UGU0
ZNF609,9,NULL,M01,A,O15014
LCOR,9,NULL,M01,A,Q96JN0
RAI1,9,NULL,M01,A,Q7Z5J4
BAHD1,9,NULL,M01,A,Q8TBE0
MBD2,9,7,M01,A,Q9UBB5
C16ORF87,9,NULL,M01,A,Q6PH81
GSE1,9,NULL,M01,A,Q14687
MIER1,9,7,M01,A,Q8N108
ZMYND8,9,7,M01,A,Q9ULU4
HMG20A,9,NULL,M01,A,Q9NP66
ZNF516,9,NULL,M01,A,Q92618
ZEB1,9,NULL,M01,A,P37275
ARID4A,9,NULL,M01,A,P29374
BCL11A,9,NULL,M01,A,Q9H165
RREB1,9,NULL,M01,A,Q92766
GATAD2A,9,7,M01,A,Q86YP4
RCOR3,9,NULL,M01,A,Q9P2K3
ZNF687,9,NULL,M01,A,Q8N1G0
HIC2,9,NULL,M01,A,Q96JB3
RCOR1,9,7,M01,A,Q9UKL0
SAP130,9,NULL,M01,A,Q9H0E3
ZNF217,9,NULL,M01,A,O75362
SALL1,9,NULL,M01,A,Q9NSC2
H2BC17,9,7,M01,A,P23527
H2BC3,9,7,M01,A,P33778
ZEB2,9,NULL,M01,A,O60315
H2BC11,9,7,M01,A,P06899
TRPS1,9,NULL,M01,A,Q9UHF7
ARID5B,9,NULL,M01,A,Q14865
SINHCAF,9,NULL,M01,A,Q9NP50
SUDS3,9,NULL,M01,A,Q9H7L9
CASZ1,9,NULL,M01,A,Q86V15
SAP30L,9,NULL,M01,A,Q9HAJ7
GATAD2B,9,7,M01,A,Q8WXI9
PHF21A,9,NULL,M01,A,Q96BD5
SAP30,9,7,M01,A,O75446
CHD4,9,7,M01,A,Q14839
MECOM,9,NULL,M01,A,Q03112
HMG20B,9,NULL,M01,A,Q9P0W2
ZHX1,9,NULL,M01,A,Q9UKY1
ZHX2,9,NULL,M01,A,Q9Y6X8
MBD3,9,7,M01,A,O95983
ZHX3,9,NULL,M01,A,Q9H4I2
BRMS1L,9,NULL,M01,A,Q5PSV4
SATB2,9,NULL,M01,A,Q9UPW6
L3MBTL3,9,NULL,M01,A,Q96JM7
MIER3,9,NULL,M01,A,Q7Z3K6
HDAC2,9,7,M01,A,Q92769
KDM1A,9,7,M01,A,O60341
SIN3A,9,7,M01,A,Q96ST3
ZMYM2,9,NULL,M01,A,Q9UBW7
HDAC1,9,7,M01,A,Q13547
ZNF423,9,NULL,M01,A,Q2M1K9
MTA2,9,7,M01,A,O94776
MTA1,9,7,M01,A,Q13330
BEND3,9,NULL,M01,A,Q5T5X7
RBBP4,9,7,M01,A,Q09028
MTA3,9,NULL,M01,A,Q9BTC8
RBBP7,9,7,M01,A,Q16576
CTBP1,9,7,M01,A,Q13363
CTBP2,9,7,M01,A,P56545
CMTR2,10,NULL,M14,C,Q8IYT2
SNRPB,10,8,M14,C,P14678
SRRM2,10,NULL,M14,C,Q9UQ35
SRRM1,10,NULL,M14,C,Q8IYB3
NKAP,10,NULL,M14,C,Q8N5F7
PPIG,10,NULL,M14,C,Q13427
TAF15,10,8,M14,C,Q92804
IWS1,10,NULL,M14,C,Q96ST2
SRSF4,10,NULL,M14,C,Q08170
LEO1,10,NULL,M14,C,Q8WVC0
FUS,10,8,M14,C,P35637
PQBP1,10,NULL,M14,C,O60828
ARL6IP4,10,NULL,M14,C,Q66PJ3
RBBP6,10,NULL,M14,C,Q7Z6E9
SNRNP70,10,8,M14,C,P08621
ZNF207,10,NULL,M14,C,O43670
RPRD2,10,NULL,M14,C,Q5VT52
CCDC12,10,NULL,M14,C,Q8WUD4
HNRNPC,10,8,M14,C,P07910
PPP1R10,10,NULL,M14,C,Q96QC0
SNRPC,10,8,M14,C,P09234
SRSF1,10,8,M14,C,Q07955
HNRNPCL1,10,8,M14,C,O60812
HNRNPCL2,10,8,M14,C,B2RXH8
SNRPN,10,8,M14,C,P63162
ZNF318,10,NULL,M14,C,Q5VUA4
ZNF326,10,NULL,M14,C,Q5BKZ1
HNRNPCL3,10,8,M14,C,B7ZW38
HNRNPCL4,10,8,M14,C,P0DMR1
SETD2,10,NULL,M14,C,Q9BYW2
CSTF2,10,NULL,M14,C,P33240
SON,10,NULL,M14,C,P18583
PARD3B,10,NULL,M14,C,Q8TEW8
PHF3,10,NULL,M14,C,Q92576
HNRNPA0,10,8,M14,C,Q13151
SNRNP35,10,NULL,M14,C,Q16560
PAXBP1,10,NULL,M14,C,Q9Y5B6
SRPK1,10,NULL,M14,C,Q96SB4
RNPC3,10,NULL,M14,C,Q96LT9
SNRPD2,10,8,M14,C,P62316
RBM22,10,NULL,M14,C,Q9NW64
DDX3X,10,NULL,M14,C,O00571
SNRPA,10,8,M14,C,P09012
TOE1,10,NULL,M14,C,Q96GM8
SNUPN,10,NULL,M14,C,O95149
KIN,10,NULL,M14,C,O60870
RPRD1B,10,NULL,M14,C,Q9NQG5
TASOR,10,NULL,M14,C,Q9UK61
SART3,10,NULL,M14,C,Q15020
SYF2,10,NULL,M14,C,O95926
SNRPD3,10,8,M14,C,P62318
SNRPF,10,8,M14,C,P62306
DDX41,10,NULL,M14,C,Q9UJV9
DDX5,10,8,M14,C,P17844
RPRD1A,10,NULL,M14,C,Q96P16
PPWD1,10,NULL,M14,C,Q96BP3
CPSF1,10,NULL,M14,C,Q10570
STRAP,10,8,M14,C,Q9Y3F4
LSM2,10,8,M14,C,Q9Y333
TXN,10,8,M14,C,P10599
KLHL8,10,NULL,M14,C,Q9P2G9
SMU1,10,NULL,M14,C,Q2TAY7
TP53BP1,11,9,M06,A,Q12888
CIZ1,11,NULL,M06,A,Q9ULV3
FAM117A,11,9,M06,A,Q9C073
CTTNBP2NL,11,9,M06,A,Q9P2B4
DDA1,11,9,M06,A,Q9BW61
NDE1,11,NULL,M06,A,Q9NXR1
KMT2C,11,NULL,M06,A,Q8NEZ4
AGGF1,11,9,M06,A,Q8N302
AMOTL1,11,NULL,M06,A,Q8IY63
LCA5,11,NULL,M06,A,Q86VQ0
UBQLN4,11,9,M06,A,Q9NRR5
PTPN12,11,NULL,M06,A,Q05209
UBQLN1,11,9,M06,A,Q9UMX0
PXN,11,9,M06,A,P49023
KANK2,11,NULL,M06,A,Q63ZY3
DYRK1A,11,9,M06,A,Q13627
RNF214,11,9,M06,A,Q8ND24
MPHOSPH9,11,NULL,M06,A,Q99550
OPTN,11,NULL,M06,A,Q96CV9
KNSTRN,11,NULL,M06,A,Q9Y448
RSBN1,11,NULL,M06,A,Q5VWQ0
IFFO1,11,NULL,M06,A,Q0D2I5
ZMYM3,11,9,M06,A,Q14202
DLG5,11,NULL,M06,A,Q8TDM6
SKP1,11,9,M06,A,P63208
NDEL1,11,NULL,M06,A,Q9GZM8
EML3,11,NULL,M06,A,Q32P44
SOGA1,11,NULL,M06,A,O94964
EML4,11,NULL,M06,A,Q9HC35
WWC1,11,NULL,M06,A,Q8IX03
IFFO2,11,NULL,M06,A,Q5TF58
PLEKHH2,11,NULL,M06,A,Q8IVE3
ATMIN,11,NULL,M06,A,O43313
PDZRN3,11,NULL,M06,A,Q9UPQ7
KANK1,11,NULL,M06,A,Q14678
WWC2,11,NULL,M06,A,Q6AWC2
PPFIBP1,11,NULL,M06,A,Q86W92
ANKRD20A8P,11,NULL,M06,A,Q5CZ79
ANKRD20A2P,11,NULL,M06,A,Q5SQ80
ANKRD20A3P,11,NULL,M06,A,Q5VUR7
ANKRD20A1,11,NULL,M06,A,Q5TYW2
ANKRD20A4P,11,NULL,M06,A,Q4UJ75
N4BP2,11,NULL,M06,A,Q86UW6
ZMYM4,11,9,M06,A,Q5VZL5
GOLGB1,11,9,M06,A,Q14789
OFD1,11,NULL,M06,A,O75665
HMMR,11,9,M06,A,O75330
MORC3,11,9,M06,A,Q14149
NEK9,11,9,M06,A,Q8TD19
GPHN,11,9,M06,A,Q9NQX3
RELCH,11,9,M06,A,Q9P260
MTPAP,11,NULL,M06,A,Q9NVV4
DYNLL2,11,9,M06,A,Q96FJ2
DIABLO,11,NULL,M06,A,Q9NR28
DYNLL1,11,9,M06,A,P63167
FBXO30,11,NULL,M06,A,Q8TB52
MYO5A,11,NULL,M06,A,Q9Y4I1
ZMYM6,11,NULL,M06,A,O95789
XIAP,11,NULL,M06,A,P98170
CHD7,12,NULL,M09,A,Q9P2D1
FKBP5,12,NULL,M09,A,Q13451
HMGA1,13,NULL,M01,A,P17096
NUCKS1,13,10,M01,A,Q9H1E3
HMGN5,13,10,M01,A,P82970
CHAMP1,13,NULL,M01,A,Q96JM3
CBX2,13,NULL,M01,A,Q14781
HP1BP3,13,10,M01,A,Q5SSJ5
CBX8,13,NULL,M01,A,Q9HC52
KMT2A,13,NULL,M01,A,Q03164
SRCAP,13,NULL,M01,A,Q6ZRS2
PRDM2,13,NULL,M01,A,Q13029
PHF14,13,NULL,M01,A,O94880
CBX5,13,10,M01,A,P45973
BRPF1,13,NULL,M01,A,P55201
NUMA1,13,10,M01,A,Q14980
NECAP1,13,NULL,M01,A,Q8NC96
ZNF22,13,NULL,M01,A,P17026
BAZ1B,13,10,M01,A,Q9UIG0
ZNF512,13,10,M01,A,Q96ME7
TRIP12,13,NULL,M01,A,Q14669
SUZ12,13,10,M01,A,Q15022
ING4,13,10,M01,A,Q9UNL4
H2AC21,13,10,M01,A,Q8IUE6
PHIP,13,10,M01,A,Q8WWQ0
NSD2,13,10,M01,A,O96028
ATAD2B,13,NULL,M01,A,Q9ULI0
H2AC6,13,10,M01,A,Q93077
MRE11,13,NULL,M01,A,P49959
EZH2,13,NULL,M01,A,Q15910
ATAD2,13,NULL,M01,A,Q6PL18
NTHL1,13,NULL,M01,A,P78549
TOP2A,13,10,M01,A,P11388
TOP2B,13,10,M01,A,Q02880
WDR76,13,NULL,M01,A,Q9H967
MTF2,13,10,M01,A,Q9Y483
POGZ,13,NULL,M01,A,Q7Z3K3
GLYR1,13,NULL,M01,A,Q49A26
BRD1,13,NULL,M01,A,O95696
PARP2,13,NULL,M01,A,Q9UGN5
MCM2,13,NULL,M01,A,P49736
EED,13,10,M01,A,O75530
CUL4B,13,10,M01,A,Q13620
MCM4,13,NULL,M01,A,P33991
NCK1,13,10,M01,A,P16333
KDM5B,13,NULL,M01,A,Q9UGL1
MCM6,13,10,M01,A,Q14566
MCM7,13,10,M01,A,P33993
SUV39H1,13,NULL,M01,A,O43463
CUL4A,13,NULL,M01,A,Q13619
APOBEC3C,13,NULL,M01,A,Q9NRW3
PSME3IP1,14,13,M05,A,Q9GZU8
AKIRIN1,14,NULL,M05,A,Q9H9L7
ANKRD36,14,NULL,M05,A,A6QL64
ADRM1,14,11,M05,A,Q16186
UBQLN2,14,NULL,M05,A,Q9UHD9
ANKZF1,14,NULL,M05,A,Q9H8Y5
ANKRD36B,14,NULL,M05,A,Q8N2N9
PSMF1,14,11,M05,A,Q92530
PSMD4,14,11,M05,A,P55036
PIPSL,14,11,M05,A,A2A3N6
PSMC1,14,11,M05,A,P62191
PSMD3,14,11,M05,A,O43242
PSMA1,14,11,M05,A,P25786
PSMD7,14,11,M05,A,P51665
PSMD8,14,11,M05,A,P48556
USP14,14,NULL,M05,A,P54578
PSMA4,14,11,M05,A,P25789
PSMA7,14,11,M05,A,O14818
PSMD1,14,11,M05,A,Q99460
PSMC2,14,11,M05,A,P35998
PSMA3,14,11,M05,A,P25788
PSMD2,14,11,M05,A,Q13200
PSMB1,14,11,M05,A,P20618
PSMB6,14,NULL,M05,A,P28072
PSMC3,14,11,M05,A,P17980
PSMC6,14,11,M05,A,P62333
PSMD10,14,11,M05,A,O75832
PSMB4,14,11,M05,A,P28070
PSMD14,14,12,M05,A,O00487
PSMC5,14,11,M05,A,P62195
PSMB7,14,13,M05,A,Q99436
UCHL5,14,11,M05,A,Q9Y5K5
ECPAS,14,11,M05,A,Q5VYK3
GPI,14,11,M05,A,P06744
PSMA5,14,11,M05,A,P28066
PAAF1,14,12,M05,A,Q9BRP4
PSMB5,14,11,M05,A,P28074
PSMC4,14,11,M05,A,P43686
UBE3C,14,12,M05,A,Q15386
PSMA6,14,11,M05,A,P60900
PSMD12,14,12,M05,A,O00232
PSMA2,14,11,M05,A,P25787
PSMD6,14,11,M05,A,Q15008
PSMB2,14,11,M05,A,P49721
PSME4,14,13,M05,A,Q14997
PSMD13,14,11,M05,A,Q9UNM6
PSMB3,14,11,M05,A,P49720
PSMD11,14,11,M05,A,O00231
MYL6B,15,14,M08,A,P14649
MYO9B,15,NULL,M08,A,Q13459
CDC42,15,14,M08,A,P60953
MYL6,15,14,M08,A,P60660
IQGAP1,15,NULL,M08,A,P46940
IQGAP3,15,NULL,M08,A,Q86VI3
CLTB,16,15,M10,B,P09497
AP1AR,16,NULL,M10,B,Q63HQ0
CLINT1,16,15,M10,B,Q14677
LSM4,16,NULL,M10,B,Q9Y4Z0
CLTA,16,15,M10,B,P09496
AFTPH,16,NULL,M10,B,Q6ULP2
GAK,16,NULL,M10,B,O14976
CHMP5,16,NULL,M10,B,Q9NZZ3
DCP2,16,NULL,M10,B,Q8IU60
ARHGAP18,16,NULL,M10,B,Q8N392
CHMP2A,16,NULL,M10,B,O43633
CHMP1A,16,NULL,M10,B,Q9HD42
VPS4A,16,NULL,M10,B,Q9UN37
HIP1R,16,NULL,M10,B,O75146
SCYL2,16,15,M10,B,Q6P3W7
MARF1,16,NULL,M10,B,Q9Y4F3
HIP1,16,NULL,M10,B,O00291
LSM1,16,NULL,M10,B,O15116
IGF2R,16,NULL,M10,B,P11717
PIK3C2A,16,NULL,M10,B,O00443
AP1G1,16,NULL,M10,B,O43747
AP1B1,16,NULL,M10,B,Q10567
AP1M1,16,NULL,M10,B,Q9BXS5
ALDH18A1,16,NULL,M10,B,P54886
CLTC,16,15,M10,B,Q00610
CLTCL1,16,NULL,M10,B,P53675
COPB2,17,16,M13,B,P35606
GPATCH2,17,NULL,M13,B,Q9NW75
RTN2,17,NULL,M13,B,O75298
SUGP2,17,NULL,M13,B,Q8IX01
SMIM11A,17,NULL,M13,B,P58511
PSD3,17,NULL,M13,B,Q9NYI0
GRAMD1A,17,NULL,M13,B,Q96CP6
SCYL1,17,16,M13,B,Q96KG9
RCN1,17,NULL,M13,B,Q15293
SUN2,17,NULL,M13,B,Q9UH99
PPIP5K2,17,NULL,M13,B,O43314
MICAL2,17,NULL,M13,B,O94851
SCYL3,17,NULL,M13,B,Q8IZE3
BCAP29,17,NULL,M13,B,Q9UHQ4
ARCN1,17,16,M13,B,P48444
BCAP31,17,16,M13,B,P51572
PTBP3,17,NULL,M13,B,O95758
APMAP,17,NULL,M13,B,Q9HDC9
NDC1,17,NULL,M13,B,Q9BTX1
COPE,17,16,M13,B,O14579
ERLIN1,17,NULL,M13,B,O75477
PRDX4,17,NULL,M13,B,Q13162
ARF5,17,NULL,M13,B,P84085
COPG1,17,16,M13,B,Q9Y678
ERGIC1,17,NULL,M13,B,Q969X5
COPB1,17,16,M13,B,P53618
COPG2,17,16,M13,B,Q9UBF2
ALDH7A1,17,NULL,M13,B,P49419
COPA,17,16,M13,B,P53621
WDR11,17,NULL,M13,B,Q9BZH6
HSD17B12,17,NULL,M13,B,Q53GQ0
NUDCD1,17,NULL,M13,B,Q96RS6
COPZ1,17,16,M13,B,P61923
PRXL2A,17,NULL,M13,B,Q9BRX8
ILVBL,17,NULL,M13,B,A1L0T0
DHRS7,17,NULL,M13,B,Q9Y394
LCLAT1,17,NULL,M13,B,Q6UWP7
GDPD1,17,NULL,M13,B,Q8N9F7
SACM1L,17,NULL,M13,B,Q9NTJ5
HSD17B11,17,NULL,M13,B,Q8NBQ5
PLAGL1,18,NULL,M18,C,Q68DN7
TMPO,18,17,M18,C,P42167
C4ORF32,18,17,M18,C,Q8N8J7
TOR1AIP1,18,NULL,M18,C,Q5JTV8
SIX2,18,NULL,M18,C,Q9NPC8
YTHDF3,18,NULL,M18,C,Q7Z739
EMD,18,17,M18,C,P50402
APBB1,18,NULL,M18,C,O00213
STAU2,18,NULL,M18,C,Q9NUL3
SIX1,18,NULL,M18,C,Q15475
RNF10,18,NULL,M18,C,Q8N5U6
SMG7,18,NULL,M18,C,Q92540
PHF8,18,NULL,M18,C,Q9UPP1
MYBL2,18,NULL,M18,C,P10244
PACRGL,18,NULL,M18,C,Q8N7B6
DNAJB12,18,NULL,M18,C,Q9NXW2
FAM50B,18,NULL,M18,C,Q9Y247
TONSL,18,NULL,M18,C,Q96HA7
PLAGL1,18,NULL,M18,C,Q9UM63
LIN54,18,NULL,M18,C,Q6MZP7
ZC3HAV1,18,NULL,M18,C,Q7Z2W4
LIN52,18,NULL,M18,C,Q52LA3
OST4,18,NULL,M18,C,P0C6T2
RAB5A,18,NULL,M18,C,P20339
NSG1,18,NULL,M18,C,P42857
EIF2AK3,18,NULL,M18,C,Q9NZJ5
RAB5C,18,NULL,M18,C,P51148
NFXL1,18,NULL,M18,C,Q6ZNB6
RAB5B,18,NULL,M18,C,P61020
MLEC,18,17,M18,C,Q14165
TIA1,18,17,M18,C,P31483
DSG2,18,NULL,M18,C,Q14126
DIRAS2,18,NULL,M18,C,Q96HU8
VRK2,18,NULL,M18,C,Q86Y07
DIRAS1,18,NULL,M18,C,O95057
STT3B,18,18,M18,C,Q8TCJ2
TMEM43,18,17,M18,C,Q9BTV4
SCD,18,NULL,M18,C,O00767
KRTCAP2,18,17,M18,C,Q8N6L1
JUP,18,NULL,M18,C,P14923
TUSC3,18,18,M18,C,Q13454
POR,18,17,M18,C,P16435
RPN1,18,17,M18,C,P04843
DDOST,18,17,M18,C,P39656
DAD1,18,17,M18,C,P61803
MAGT1,18,17,M18,C,Q9H0U3
RPN2,18,17,M18,C,P04844
STT3A,18,17,M18,C,P46977
ATRX,19,NULL,M02,A,P46100
ZCCHC8,19,19,M02,A,Q6NZY4
SSRP1,19,19,M02,A,Q08945
SUPT16H,19,19,M02,A,Q9Y5B9
EIF4A3,19,19,M02,A,P38919
MMS22L,19,NULL,M02,A,Q6ZRQ5
SLAIN2,20,NULL,M06,A,Q9P270
TACC2,20,NULL,M06,A,O95359
ZC2HC1A,20,NULL,M06,A,Q96GY0
TACC3,20,20,M06,A,Q9Y6A5
TACC1,20,NULL,M06,A,O75410
SLAIN1,20,NULL,M06,A,Q8ND83
DLGAP5,20,NULL,M06,A,Q15398
CKAP5,20,20,M06,A,Q14008
DNAJA1,20,20,M06,A,P31689
CEP97,20,NULL,M06,A,Q8IW35
KIF14,20,NULL,M06,A,Q15058
TCP11L2,20,NULL,M06,A,Q8N4U5
TCP11L1,20,NULL,M06,A,Q9NUJ3
TUBB2B,20,NULL,M06,A,Q9BVA1
TUBB4B,20,20,M06,A,P68371
TUBA1B,20,20,M06,A,P68363
SNRPA1,21,21,M14,C,P09661
SNRPB2,21,21,M14,C,P08579
THRAP3,21,NULL,M14,C,Q9Y2W1
PCNP,21,21,M14,C,Q8WW12
PPP4R2,21,21,M14,C,Q9NY27
HTATSF1,21,21,M14,C,O43719
SF3B2,21,21,M14,C,Q13435
ATXN7L2,21,NULL,M14,C,Q5T6C5
SF3A2,21,21,M14,C,Q15428
ZRSR2,21,NULL,M14,C,Q15696
SCNM1,21,NULL,M14,C,Q9BWG6
SLC4A1AP,21,21,M14,C,Q9BWU0
SF3B4,21,21,M14,C,Q15427
ZCRB1,21,NULL,M14,C,Q8TBF4
SF3A1,21,21,M14,C,Q15459
CCDC97,21,21,M14,C,Q96F63
DNAJC8,21,21,M14,C,O75937
DDX42,21,21,M14,C,Q86XP3
RBM5,21,NULL,M14,C,P52756
SNRPD1,21,21,M14,C,P62314
SF3B1,21,21,M14,C,O75533
SF3B5,21,21,M14,C,Q9BWJ5
PPP4R3A,21,21,M14,C,Q6IN85
SF3A3,21,21,M14,C,Q12874
RAB3IP,21,NULL,M14,C,Q96QF0
TTC33,21,21,M14,C,Q6PID6
SF3B6,21,21,M14,C,Q9Y3B4
P4HA1,21,21,M14,C,P13674
SNRNP25,21,NULL,M14,C,Q9BV90
SNRNP25,21,NULL,M14,C,Q9BV90
PPP4C,21,21,M14,C,P60510
SF3B3,21,21,M14,C,Q15393
WDR61,21,21,M14,C,Q9GZS3
CEP43,22,NULL,M06,A,O95684
PDCD5,22,22,M06,A,O14737
IGKC,22,NULL,M06,A,P01834
IGBP1,22,NULL,M06,A,P78318
ZNRD2,22,22,M06,A,O60232
RC3H2,22,NULL,M06,A,Q9HBD1
PDCL,22,NULL,M06,A,Q13371
WDR55,22,NULL,M06,A,Q9H6Y2
PPP2R5D,22,22,M06,A,Q14738
TXNDC9,22,22,M06,A,O14530
CCT3,22,22,M06,A,P49368
MSTO1,22,NULL,M06,A,Q9BUK6
CCT4,22,22,M06,A,P50991
PPP2CB,22,22,M06,A,P62714
PPP2CA,22,22,M06,A,P67775
TCP1,22,22,M06,A,P17987
CCT8,22,22,M06,A,P50990
CCT5,22,22,M06,A,P48643
CCT7,22,22,M06,A,Q99832
CCT2,22,22,M06,A,P78371
CCT6A,22,22,M06,A,P40227
PPP2R1B,22,22,M06,A,P30154
TUBD1,22,NULL,M06,A,Q9UJT1
PPP2R1A,22,22,M06,A,P30153
BDP1,23,NULL,M04,A,A6H8Y1
POLR1D,23,23,M04,A,P0DPB5
POLR1G,23,23,M04,A,O15446
POLR3G,23,23,M04,A,O15318
POLR3GL,23,23,M04,A,Q9BT43
POLR3D,23,23,M04,A,P05423
URI1,23,23,M04,A,O94763
POLR1F,23,NULL,M04,A,Q3B726
POLR2F,23,23,M04,A,P61218
CRCP,23,23,M04,A,O75575
MAF1,23,23,M04,A,Q9H063
RPAP3,23,23,M04,A,Q9H6T3
POLR3E,23,23,M04,A,Q9NVU0
PIH1D1,23,23,M04,A,Q9NWS0
TRMT1L,23,23,M04,A,Q7Z2T5
POLR3H,23,23,M04,A,Q9Y535
PDRG1,23,23,M04,A,Q9NUG6
POLR2E,23,23,M04,A,P19388
POLR3C,23,23,M04,A,Q9BUI4
DNAAF10,23,NULL,M04,A,Q8ND98
POLR2H,23,23,M04,A,P52434
POLR1A,23,23,M04,A,O95602
POLR3K,23,23,M04,A,Q9Y2Y1
POLR1E,23,23,M04,A,Q9GZS1
UXT,23,23,M04,A,Q9UBK9
POLR3F,23,23,M04,A,Q9H1D9
WDR92,23,NULL,M04,A,Q96MX6
POLR1C,23,23,M04,A,O15160
POLR2L,23,23,M04,A,P62875
POLR3B,23,23,M04,A,Q9NW08
POLR3A,23,23,M04,A,O14802
ASNSD1,23,23,M04,A,Q9NWL6
POLR1B,23,23,M04,A,Q9H9Y6
FMN2,24,NULL,M06,A,Q9NZ56
MTFR1,24,NULL,M06,A,Q15390
CAP1,24,24,M06,A,Q01518
FMNL2,24,NULL,M06,A,Q96PY5
TWF2,24,24,M06,A,Q6IBS0
PFN1,24,24,M06,A,P07737
PFN2,24,24,M06,A,P35080
ACTG1,24,24,M06,A,P63261
MED19,25,25,M04,A,A0JLT2
MED26,25,25,M04,A,O95402
MED1,25,25,M04,A,Q15648
MED9,25,25,M04,A,Q9NWA0
FBXL19,25,25,M04,A,Q6PCT2
MED15,25,25,M04,A,Q96RN5
MED29,25,25,M04,A,Q9NX70
MED29,25,25,M04,A,Q9NX70
MED8,25,25,M04,A,Q96G25
MED25,25,25,M04,A,Q71SY5
CDK19,25,25,M04,A,Q9BWU1
MED4,25,25,M04,A,Q9NPJ6
JMJD6,25,25,M04,A,Q6NYC1
MED6,25,25,M04,A,O75586
MED13L,25,NULL,M04,A,Q71F56
MED28,25,25,M04,A,Q9H204
MED12,25,25,M04,A,Q93074
MED12,25,25,M04,A,Q93074
CDK8,25,25,M04,A,P49336
MED7,25,25,M04,A,O43513
MED22,25,25,M04,A,Q15528
MED13,25,25,M04,A,Q9UHV7
MED30,25,25,M04,A,Q96HR3
MED12L,25,25,M04,A,Q86YW9
MED21,25,25,M04,A,Q13503
MED14,25,25,M04,A,O60244
PRDX1,25,NULL,M04,A,Q06830
MED11,25,25,M04,A,Q9P086
MED10,25,25,M04,A,Q9BTT4
MED17,25,25,M04,A,Q9NVC6
MED31,25,25,M04,A,Q9Y3C7
CCNC,25,25,M04,A,P24863
MED27,25,25,M04,A,Q6P2C8
MED16,25,25,M04,A,Q9Y2X0
MED20,25,25,M04,A,Q9H944
MED24,25,25,M04,A,O75448
MED23,25,25,M04,A,Q9ULK4
CBX1,26,NULL,M01,A,P83916
CBX3,26,NULL,M01,A,Q13185
CSNK2A3,27,NULL,M01,A,Q8NEV1
CSNK2A1,27,NULL,M01,A,P68400
MIF,27,NULL,M01,A,P14174
TMED7-TICAM2,28,26,M13,B,NA
GORASP2,28,26,M13,B,Q9H8Y8
GOLGA2,28,26,M13,B,Q08379
BLZF1,28,NULL,M13,B,Q9H2G9
MAN1A1,28,NULL,M13,B,P33908
GALNT2,28,NULL,M13,B,Q10471
TMED10,28,27,M13,B,P49755
TMED1,28,27,M13,B,Q13445
TMED7,28,26,M13,B,Q9Y3B3
SLC30A6,28,NULL,M13,B,Q6NXT4
TMED9,28,27,M13,B,Q9BVK6
TMED4,28,27,M13,B,Q7Z7H5
ZDHHC3,28,NULL,M13,B,Q9NYG2
UBIAD1,28,NULL,M13,B,Q9Y5Z9
TMED2,28,27,M13,B,Q15363
SLC30A5,28,NULL,M13,B,Q8TAD4
SEC22A,28,NULL,M13,B,Q96IW7
STEAP3,28,NULL,M13,B,Q658P3
ATP2C1,28,NULL,M13,B,P98194
SURF4,28,NULL,M13,B,O15260
B4GAT1,28,NULL,M13,B,O43505
FAM241A,29,NULL,M04,A,#N/A
POLR2M,29,NULL,M04,A,P0CAP2
GTF2F1,29,28,M04,A,P35269
INTS12,29,NULL,M04,A,Q96CB8
CTDP1,29,28,M04,A,Q9Y5B0
NELFA,29,28,M04,A,Q9H3P2
POLR2A,29,28,M04,A,P24928
METTL3,29,28,M04,A,Q86U44
POLR2D,29,28,M04,A,O15514
POLR2C,29,28,M04,A,P19387
GTF2F2,29,28,M04,A,P13984
RPAP1,29,28,M04,A,Q9BWH6
GPN1,29,28,M04,A,Q9HCN4
POLR2I,29,28,M04,A,P36954
GTF2B,29,28,M04,A,Q00403
POLR2J,29,28,M04,A,P52435
POLR2J3,29,28,M04,A,Q9H1A7
POLR2J2,29,28,M04,A,Q9GZM3
POLR2B,29,28,M04,A,P30876
POLR2G,29,28,M04,A,P62487
GPN2,29,28,M04,A,Q9H9Y4
INTS11,29,NULL,M04,A,Q5TA45
DNAJC9,30,NULL,M09,A,Q8WXX5
DNAJB4,30,NULL,M09,A,Q9UDY4
HSPA4,30,NULL,M09,A,P34932
HSPA8,30,NULL,M09,A,P11142
UQCRB,31,NULL,M06,A,P14927
LONP1,31,NULL,M06,A,P36776
HEATR3,31,NULL,M06,A,Q7Z4Q2
ESD,31,NULL,M06,A,P10768
RBX1,32,NULL,M16,C,P62877
DDB1,32,NULL,M16,C,Q16531
MAX,33,29,M14,C,P61244
VPS72,33,29,M14,C,Q15906
TAF10,33,29,M14,C,Q12962
MYC,33,29,M14,C,P01106
TADA3,33,29,M14,C,O75528
TAF9,33,29,M14,C,Q16594
EP400,33,29,M14,C,Q96L91
ING3,33,29,M14,C,Q9NXR8
SUPT7L,33,29,M14,C,O94864
SUPT20H,33,29,M14,C,Q8NEM7
MORF4L1,33,29,M14,C,Q9UBU8
TAF12,33,29,M14,C,Q16514
TAF6L,33,29,M14,C,Q9Y6J9
KAT2A,33,29,M14,C,Q92830
KAT2B,33,29,M14,C,Q92831
SGF29,33,29,M14,C,Q96ES7
TADA1,33,29,M14,C,Q96BN2
TADA2B,33,29,M14,C,Q86TJ2
SUPT3H,33,29,M14,C,O75486
TAF5L,33,29,M14,C,O75529
TRRAP,33,29,M14,C,Q9Y4A5
NUP35,34,NULL,M03,A,Q8NFH5
RANBP1,34,30,M03,A,P43487
NUP42,34,NULL,M03,A,O15504
SUMO1,34,30,M03,A,P63165
NUP58,34,NULL,M03,A,Q9BVL2
NUP54,34,NULL,M03,A,Q7Z3B4
RCC1,34,30,M03,A,P18754
RAN,34,30,M03,A,P62826
NUP155,34,NULL,M03,A,O75694
NUTF2,34,30,M03,A,P61970
IPO9,34,NULL,M03,A,Q96P70
IPO4,34,NULL,M03,A,Q8TEX9
NUP37,34,NULL,M03,A,Q8NFH4
NUP205,34,NULL,M03,A,Q92621
PRRC2A,35,31,M17,C,P48634
EIF3A,35,31,M17,C,Q14152
EIF4G1,35,31,M17,C,Q04637
EIF3J,35,31,M17,C,O75822
EIF3G,35,31,M17,C,O75821
RPS26P11,35,31,M17,C,Q5JNZ5
PDCD4,35,31,M17,C,Q53EL6
EIF3B,35,31,M17,C,P55884
EIF3F,35,31,M17,C,O00303
EIF3H,35,31,M17,C,O15372
PABPC3,35,31,M17,C,Q9H361
EIF3D,35,31,M17,C,O15371
EIF3I,35,31,M17,C,Q13347
ABCE1,35,31,M17,C,P61221
EIF3E,35,31,M17,C,P60228
EIF3K,35,31,M17,C,Q9UBQ5
EIF3M,35,31,M17,C,Q7L2H7
EIF3L,35,31,M17,C,Q9Y262
ASCC3,35,31,M17,C,Q8N3C0
COMMD3-BMI1,36,32,M14,C,NA
DENND10P1,36,32,M14,C,Q6NSW5
RBMX2,36,32,M14,C,Q9Y388
CWF19L2,36,32,M14,C,Q2TBE0
BMI1,36,32,M14,C,P35226
CCDC93,36,32,M14,C,Q567U6
COMMD6,36,32,M14,C,Q7Z4G1
CCDC22,36,32,M14,C,O60826
COMMD1,36,32,M14,C,Q8N668
COMMD3,36,32,M14,C,Q9UBI1
COMMD5,36,32,M14,C,Q9GZQ3
COMMD9,36,32,M14,C,Q9P000
VPS35L,36,32,M14,C,Q7Z3J2
COMMD10,36,32,M14,C,Q9Y6G5
COMMD4,36,32,M14,C,Q9H0A8
COMMD2,36,32,M14,C,Q86X83
COMMD7,36,32,M14,C,Q86VX2
COMMD8,36,32,M14,C,Q9NX08
VPS26C,36,32,M14,C,O14972
DENND10,36,32,M14,C,Q8TCE6
VPS29,36,32,M14,C,Q9UBQ0
CPSF6,37,33,M14,C,Q16630
CPSF7,37,33,M14,C,Q8N684
RBM26,37,NULL,M14,C,Q5T8P6
SRPK2,37,NULL,M14,C,P78362
P3H1,37,33,M14,C,Q32P28
NUDT21,37,33,M14,C,O43809
CRTAP,37,33,M14,C,O75718
NOP14,38,NULL,M17,C,P78316
EMG1,38,NULL,M17,C,Q92979
NOC4L,38,NULL,M17,C,Q9BVI4
IPO5,38,NULL,M17,C,O00410
MAP7D3,39,NULL,M08,A,Q8IWC1
ZNF536,39,NULL,M08,A,O15090
DMAP1,39,NULL,M08,A,Q9NPF5
CAMKK1,39,NULL,M08,A,Q8N5S9
RCAN1,39,NULL,M08,A,P53805
ARHGAP19,39,NULL,M08,A,Q14CB8
SCO1,39,NULL,M08,A,O75880
CALM2,39,NULL,M08,A,P0DP24
CALM3,39,NULL,M08,A,P0DP25
CEP290,39,NULL,M08,A,O15078
DDX55,39,NULL,M08,A,Q8NHQ9
TIGD1,39,NULL,M08,A,Q96MW7
PPP3CC,39,NULL,M08,A,P48454
NCBP3,40,NULL,M14,C,Q53F19
C2ORF49,40,NULL,M14,C,Q9BVC5
SARNP,40,NULL,M14,C,P82979
C19ORF47,40,NULL,M14,C,Q8N9M1
FAM98A,40,34,M14,C,Q8NCA5
ZFC3H1,40,NULL,M14,C,O60293
FAM98B,40,34,M14,C,Q52LJ0
FYTTD1,40,NULL,M14,C,Q96QD9
THOC1,40,NULL,M14,C,Q96FV9
CDC40,40,NULL,M14,C,O60508
THOC7,40,NULL,M14,C,Q6I9Y2
THOC7,40,NULL,M14,C,Q6I9Y2
API5,40,NULL,M14,C,Q9BZZ5
AQR,40,NULL,M14,C,O60306
RTRAF,40,34,M14,C,Q9Y224
DDX1,40,34,M14,C,Q92499
DDX39B,40,34,M14,C,Q13838
RTCB,40,34,M14,C,Q9Y3I0
CDC26,41,35,M01,A,Q8NHZ8
ANAPC13,41,35,M01,A,Q9BS18
FHOD3,41,NULL,M01,A,Q2V2M9
ANAPC16,41,35,M01,A,Q96DE5
FZR1,41,35,M01,A,Q9UM11
CDC20,41,35,M01,A,Q12834
ANAPC10,41,35,M01,A,Q9UM13
CDC27,41,35,M01,A,P30260
BUB1B,41,35,M01,A,O60566
FBXO5,41,NULL,M01,A,Q9UKT4
KIF18A,41,NULL,M01,A,Q8NI77
ANAPC2,41,35,M01,A,Q9UJX6
NEK2,41,35,M01,A,P51955
ANAPC7,41,35,M01,A,Q9UJX3
BUB3,41,NULL,M01,A,O43684
PYCR1,41,NULL,M01,A,P32322
ANAPC1,41,35,M01,A,Q9H1A4
DEPDC1B,41,NULL,M01,A,Q8WUY9
PYCR2,41,35,M01,A,Q96C36
CDC16,41,35,M01,A,Q13042
ANAPC4,41,35,M01,A,Q9UJX5
CDC23,41,35,M01,A,Q9UJX2
ANAPC5,41,35,M01,A,Q9UJX4
KIAA1522,42,36,M06,A,Q9P206
NHSL1,42,NULL,M06,A,Q5SYE7
NHSL2,42,NULL,M06,A,Q5HYW2
WASF3,42,36,M06,A,Q9UPY6
WASF2,42,36,M06,A,Q9Y6W5
ABI2,42,NULL,M06,A,Q9NYB9
WASF1,42,36,M06,A,Q92558
ABI1,42,37,M06,A,Q8IZP0
ABL1,42,NULL,M06,A,P00519
CSNK1G3,42,NULL,M06,A,Q9Y6M4
BRK1,42,36,M06,A,Q8WUW1
MECR,42,NULL,M06,A,Q9BV79
SLC1A3,42,37,M06,A,P43003
CYFIP1,42,36,M06,A,Q7L576
NCKAP1,42,36,M06,A,Q9Y2A7
CYFIP2,42,36,M06,A,Q96F07
BCL7A,43,38,M03,A,Q4VC05
SS18,43,38,M03,A,Q15532
ARID1A,43,38,M03,A,O14497
ARID1B,43,38,M03,A,Q8NFD5
SS18L1,43,NULL,M03,A,O75177
BICRA,43,NULL,M03,A,Q9NZM4
SMARCE1,43,38,M03,A,Q969G3
SMARCC2,43,38,M03,A,Q8TAQ2
DPF2,43,38,M03,A,Q92785
SMARCA4,43,38,M03,A,P51532
SMARCC1,43,38,M03,A,Q92922
BRD9,43,38,M03,A,Q9H8M2
SMARCA2,43,38,M03,A,P51531
DPF3,43,NULL,M03,A,Q92784
SMARCD3,43,38,M03,A,Q6STE5
SMARCD2,43,38,M03,A,Q92925
SMARCD1,43,38,M03,A,Q96GM5
DPF1,43,38,M03,A,Q92782
SMARCB1,43,38,M03,A,Q12824
ACTL6A,43,38,M03,A,O96019
PTGES3,44,39,M09,A,Q15185
USP19,44,NULL,M09,A,O94966
HSP90AA1,44,39,M09,A,P07900
HSP90AB1,44,39,M09,A,P08238
FKBP4,44,39,M09,A,Q02790
PTDSS2,44,NULL,M09,A,Q9BVG9
BRCA2,44,NULL,M09,A,P51587
PPP5C,44,NULL,M09,A,P53041
RTN4,45,41,M13,B,Q9NQC3
RTN3,45,41,M13,B,O95197
CYB5B,45,41,M13,B,O43169
REEP5,45,41,M13,B,Q00765
ENDOD1,45,41,M13,B,O94919
ATL2,45,40,M13,B,Q8NHH9
ATL3,45,40,M13,B,Q6DD88
ATL1,45,NULL,M13,B,Q8WXF7
LAMP1,46,42,M12,B,P11279
RAB7A,46,42,M12,B,P51149
SLC18B1,46,42,M12,B,Q6NT16
CIP2A,46,NULL,M12,B,Q8TCG1
SSB,47,43,M16,C,P05455
PUS7,47,43,M16,C,Q96PZ0
GTF3A,47,43,M16,C,Q92664
STRBP,48,NULL,M08,A,Q96SI9
ARHGDIA,48,44,M08,A,P52565
RHOC,48,44,M08,A,P08134
RHOA,48,44,M08,A,P61586
RHOG,48,NULL,M08,A,P84095
RAC3,48,NULL,M08,A,P60763
IQGAP2,48,NULL,M08,A,Q13576
RAC1,48,44,M08,A,P63000
RAP1GDS1,48,NULL,M08,A,P52306
CEP170,49,45,M06,A,Q5SW79
MAP4,49,45,M06,A,P27816
KIF2A,49,45,M06,A,O00139
SSBP1,49,45,M06,A,Q04837
ARPC4-TTLL3,50,46,M07,A,NA
CHURC1-FNTB,50,NULL,M07,A,NA
CRTC2,50,NULL,M07,A,Q53ET0
MNDA,50,NULL,M07,A,P41218
ARL6IP6,50,NULL,M07,A,Q8N6S5
ARPC5,50,46,M07,A,O15511
ARPC5L,50,46,M07,A,Q9BPX5
ARPC3,50,46,M07,A,O15145
CHURC1,50,NULL,M07,A,Q8WUH1
ARPC2,50,46,M07,A,O15144
USP22,50,46,M07,A,Q9UPT9
ARPC1B,50,46,M07,A,O15143
ARPC1A,50,46,M07,A,Q92747
ACTR3,50,46,M07,A,P61158
ARPC4,50,46,M07,A,P59998
ACTR3B,50,NULL,M07,A,Q9P1U1
ACTR2,50,46,M07,A,P61160
ATP6V1G1,51,47,M12,B,O75348
RAB11A,51,47,M12,B,P62491
RAB11B,51,47,M12,B,Q15907
DMXL2,51,NULL,M12,B,Q8TDJ6
DMXL1,51,NULL,M12,B,Q9Y485
WDR7,51,47,M12,B,Q9Y4E6
ATP6V1D,51,47,M12,B,Q9Y5K8
ATP6V1E1,51,47,M12,B,P36543
ATP6V1B2,51,47,M12,B,P21281
SLC35F2,51,NULL,M12,B,Q8IXU6
ATP6V1A,51,47,M12,B,P38606
ATP6V1H,51,47,M12,B,Q9UI12
ATP6V0C,51,47,M12,B,P27449
ATP6V0A1,51,47,M12,B,Q93050
ROGDI,51,NULL,M12,B,Q9GZN7
VAMP7,51,47,M12,B,P51809
ATP6V1C1,51,47,M12,B,P21283
ATP6AP2,51,47,M12,B,O75787
ATP6AP1,51,47,M12,B,Q15904
ATP6V0D1,51,47,M12,B,P61421
FTSJ3,52,NULL,M17,C,Q8IY81
FAM207A,52,48,M17,C,Q9NSI2
UTP14A,52,48,M17,C,Q9BVJ6
LTV1,52,48,M17,C,Q96GA3
DDX10,52,NULL,M17,C,Q13206
PNO1,52,48,M17,C,Q9NRX1
NOB1,52,48,M17,C,Q9ULX3
BYSL,52,48,M17,C,Q13895
DHX37,52,49,M17,C,Q8IY37
TSR1,52,48,M17,C,Q2NL82
USP16,52,NULL,M17,C,Q9Y5T5
RIOK2,52,48,M17,C,Q9BVS4
RRP12,52,48,M17,C,Q5JTH9
RIOK3,52,48,M17,C,O14730
PARN,52,49,M17,C,O95453
DIMT1,52,NULL,M17,C,Q9UNQ2
C9ORF78,53,NULL,M14,C,Q9NZ63
CD2BP2,53,50,M14,C,O95400
EAPP,53,50,M14,C,Q56P03
DDX23,53,50,M14,C,Q9BUQ8
ECD,53,NULL,M14,C,O95905
PRPF6,53,50,M14,C,O94906
USP39,53,50,M14,C,Q53GS9
PRPF4,53,50,M14,C,O43172
SNRNP40,53,50,M14,C,Q96DI7
EFTUD2,53,50,M14,C,Q15029
TXNL4A,53,50,M14,C,P83876
AAR2,53,50,M14,C,Q9Y312
SNRNP200,53,50,M14,C,O75643
PRPF8,53,50,M14,C,Q6P2Q9
CSE1L,53,50,M14,C,P55060
DKFZP434D199,54,51,M14,C,NA
ZC3H18,54,51,M14,C,Q86VM9
PNN,54,51,M14,C,Q9H307
RBM6,54,NULL,M14,C,P78332
PRPF4B,54,51,M14,C,Q13523
SNW1,54,51,M14,C,Q13573
SART1,54,51,M14,C,O43290
CHTOP,54,51,M14,C,Q9Y3Y2
PRPF3,54,51,M14,C,O43395
LSM7,54,51,M14,C,Q9UK45
LSM5,54,51,M14,C,Q9Y4Y9
CTTNBP2,55,NULL,M06,A,Q8WZ74
STRN4,55,52,M06,A,Q9NRL3
STRN3,55,52,M06,A,Q13033
STK25,55,52,M06,A,O00506
STRN,55,52,M06,A,O43815
GNG2,55,NULL,M06,A,P59768
STK24,55,52,M06,A,Q9Y6E0
SLMAP,55,NULL,M06,A,Q14BN4
STK26,55,52,M06,A,Q9P289
SIKE1,55,NULL,M06,A,Q9BRV8
FGFR1OP2,55,NULL,M06,A,Q9NVK5
STRIP2,55,NULL,M06,A,Q9ULQ0
PDCD10,55,52,M06,A,Q9BUL8
IFT74,56,53,M09,A,Q96LB3
IFT22,56,53,M09,A,Q9H7X7
HSPB11,56,53,M09,A,Q9Y547
IFT81,56,53,M09,A,Q8WYA0
IFT52,56,53,M09,A,Q9Y366
TTC30B,56,53,M09,A,Q8N4P2
IFT20,56,53,M09,A,Q8IY31
TTC30A,56,53,M09,A,Q86WT1
IFT27,56,53,M09,A,Q9BW83
TTC26,56,53,M09,A,A0AVF1
IFT172,56,53,M09,A,Q9UG01
YBX1,57,54,M15,C,P67809
KHDRBS1,57,55,M15,C,Q07666
HNRNPAB,57,54,M15,C,Q99729
HNRNPD,57,55,M15,C,Q14103
HNRNPK,57,55,M15,C,P61978
DDX21,57,54,M15,C,Q9NR30
HNRNPR,57,54,M15,C,O43390
HNRNPL,57,55,M15,C,P14866
SYNCRIP,57,54,M15,C,O60506
DDX17,57,54,M15,C,Q92841
FAM120A,57,NULL,M15,C,Q9NZB2
ADAR,57,NULL,M15,C,P55265
ZNF346,57,NULL,M15,C,Q9UL40
C1QBP,57,54,M15,C,Q07021
IGF2BP2,57,NULL,M15,C,Q9Y6M1
DHX9,57,54,M15,C,Q08211
RBM25,58,57,M07,A,P49756
PRPF40A,58,57,M07,A,O75400
MARK2,58,56,M07,A,Q7KZI7
MARK4,58,NULL,M07,A,Q96L34
MARK3,58,56,M07,A,P27448
PBK,58,NULL,M07,A,Q96KB5
ATP6V1G2-DDX39B,59,58,M12,B,NA
ATP6V1G2,59,58,M12,B,O95670
NOP56,59,58,M12,B,O00567
VIM,59,58,M12,B,P08670
SNAP23,60,59,M12,B,O00161
VAMP8,60,59,M12,B,Q9BV40
STX7,60,59,M12,B,O15400
VAMP3,60,60,M12,B,Q15836
PTTG1IP,60,59,M12,B,P53801
RAB14,61,61,M12,B,P61106
CHML,61,NULL,M12,B,P26374
RAB35,61,61,M12,B,Q15286
RAB4A,61,61,M12,B,P20338
GDI2,61,61,M12,B,P50395
BIVM-ERCC5,62,NULL,M08,A,NA
ERCC5-201,62,NULL,M08,A,NA
XPC,62,62,M08,A,Q01831
ERCC5,62,NULL,M08,A,P28715
ERCC1,62,62,M08,A,P07992
XPA,62,62,M08,A,P23025
ERCC3,62,62,M08,A,P19447
CDC7,62,62,M08,A,O00311
ERCC4,62,62,M08,A,Q92889
GTF2H1,62,62,M08,A,P32780
PREB,62,62,M08,A,Q9HCU5
MNAT1,62,62,M08,A,P51948
CCNH,62,62,M08,A,P51946
GTF2H2C,62,62,M08,A,Q6P1K8
CDK7,62,62,M08,A,P50613
GTF2H5,62,62,M08,A,Q6ZYL4
GTF2H3,62,62,M08,A,Q13889
GTF2H4,62,62,M08,A,Q92759
ERCC2,62,62,M08,A,P18074
OSBP,63,NULL,M13,B,P22059
VAPB,63,NULL,M13,B,O95292
CISD2,63,NULL,M13,B,Q8N5K1
RBM39,64,63,M14,C,Q14498
PCBP2,64,63,M14,C,Q15366
PCBP1,64,63,M14,C,Q15365
CAMSAP3,65,NULL,M07,A,Q9P1Y5
TRAPPC12,65,64,M07,A,Q8WVT3
TRAPPC12,65,64,M07,A,Q8WVT3
TRAPPC3,65,64,M07,A,O43617
TRAPPC8,65,64,M07,A,Q9Y2L5
TRAPPC10,65,64,M07,A,P48553
TRAPPC9,65,NULL,M07,A,Q96Q05
TRAPPC2,65,64,M07,A,P0DI81
TRAPPC2B,65,64,M07,A,P0DI82
TRAPPC5,65,64,M07,A,Q8IUR0
TRAPPC1,65,64,M07,A,Q9Y5R8
TRAPPC4,65,64,M07,A,Q9Y296
TRAPPC2L,65,64,M07,A,Q9UL33
TRAPPC6B,65,64,M07,A,Q86SZ2
TRAPPC13,65,64,M07,A,A5PLN9
TRAPPC11,65,64,M07,A,Q7Z392
RAB11FIP5,66,66,M12,B,Q9BXF6
SCAMP3,66,65,M12,B,O14828
SCAMP1,66,66,M12,B,O15126
RAB21,66,66,M12,B,Q9UL25
PDCD6IP,66,66,M12,B,Q8WUM4
SCAMP2,66,66,M12,B,O15127
RAB1A,66,65,M12,B,P62820
TFRC,66,66,M12,B,P02786
WDFY1,66,66,M12,B,Q8IWB7
RNF25,67,NULL,M12,B,Q96BH1
BET1L,67,67,M12,B,Q9NYM9
STX5,67,67,M12,B,Q13190
GOSR1,67,67,M12,B,O95249
GOSR2,67,67,M12,B,O14653
SFT2D3,67,67,M12,B,Q587I9
SCFD1,67,67,M12,B,Q8WVM8
YKT6,67,NULL,M12,B,O15498
SEC22B,67,67,M12,B,O75396
NAPA,67,67,M12,B,P54920
GET3,67,NULL,M12,B,O43681
NSF,67,67,M12,B,P46459
PRKAR2A,68,68,M06,A,P13861
PRKAR1A,68,68,M06,A,P10644
PRKACA,68,68,M06,A,P17612
H1-2,69,69,M01,A,P16403
H2AZ1,69,69,M01,A,P0C0S5
H2AZ2,69,69,M01,A,Q71UI9
H4C1,69,69,M01,A,P62805
MACROH2A1,69,69,M01,A,O75367
TMSB10,70,70,M06,A,P63313
H2AJ,70,70,M06,A,Q9BTM1
H2AC11,70,70,M06,A,P0C0S8
H2AC14,70,70,M06,A,Q99878
H2AC12,70,70,M06,A,Q96KK5
CFL1,70,70,M06,A,P23528
ACTB,70,70,M06,A,P60709
IQSEC2,71,NULL,M09,A,Q5JU85
DNAJB6,71,NULL,M09,A,O75190
IQSEC1,71,NULL,M09,A,Q6DN90
MAP3K21,71,NULL,M09,A,Q5TCX8
BAG2,71,71,M09,A,O95816
STUB1,71,NULL,M09,A,Q9UNE7
HSPA5,71,71,M09,A,P11021
DNAJC7,71,71,M09,A,Q99615
TUBA1A,71,71,M09,A,Q71U36
TUBA3E,71,71,M09,A,Q6PEY2
DCTN1,72,72,M06,A,Q6AWB1
DYNC1LI1,72,72,M06,A,Q9Y6G9
DYNC1LI2,72,72,M06,A,O43237
DYNC1I2,72,72,M06,A,Q13409
DCTN1,72,72,M06,A,Q14203
MAPRE1,72,72,M06,A,Q15691
DYNLRB1,72,72,M06,A,Q9NP97
PAFAH1B1,72,72,M06,A,P43034
DYNLT1,72,72,M06,A,P63172
ACTR1A,72,72,M06,A,P61163
DYNLT3,72,72,M06,A,P51808
DYNC1H1,72,72,M06,A,Q14204
RNF169,73,73,M12,B,Q8NCN4
DDX46,73,73,M12,B,Q7L014
SLC3A2,73,73,M12,B,P08195
SLC7A6,73,73,M12,B,Q92536
ANAPC11,73,73,M12,B,Q9NYG5
BSG,74,NULL,M12,B,P35613
SLC16A1,74,NULL,M12,B,P53985
YWHAB,75,74,M07,A,P31946
YWHAZ,75,74,M07,A,P63104
RRAS2,75,NULL,M07,A,P62070
YWHAE,75,74,M07,A,P62258
YWHAH,75,74,M07,A,Q04917
YWHAQ,75,74,M07,A,P27348
KRAS,75,74,M07,A,P01116
ARL1,75,74,M07,A,P40616
ARL3,75,74,M07,A,P36405
CWC15,76,75,M14,C,Q9P013
ZNF830,76,NULL,M14,C,Q96NB3
DNAJC17,76,NULL,M14,C,Q9NVM6
CDC5L,76,75,M14,C,Q99459
ISY1,76,NULL,M14,C,Q9ULR0
PPIE,76,NULL,M14,C,Q9UNP9
PLRG1,76,75,M14,C,O43660
CTNNBL1,76,75,M14,C,Q8WYA6
CRNKL1,76,NULL,M14,C,Q9BZJ0
BCAS2,76,75,M14,C,O75934
PRPF19,76,75,M14,C,Q9UMS4
XAB2,76,NULL,M14,C,Q9HCS7
SFPQ,77,76,M11,B,P23246
RBM7,77,76,M11,B,Q9Y580
ZNF768,77,NULL,M11,B,Q9H5H4
NONO,77,76,M11,B,Q15233
EXOSC10,77,NULL,M11,B,Q01780
MTREX,77,76,M11,B,P42285
EXOSC2,77,NULL,M11,B,Q13868
PTMA,78,NULL,M05,A,P06454
MIDEAS,78,NULL,M05,A,Q6PJG2
DNTTIP1,78,NULL,M05,A,Q9H147
RPS27A,78,NULL,M05,A,P62979
TMSB4X,79,NULL,M07,A,P62328
INPPL1,79,NULL,M07,A,O15357
EIF2S3B,80,77,M17,C,Q2VIR3
EIF2S2,80,77,M17,C,P20042
EIF5,80,77,M17,C,P55010
CDC123,80,77,M17,C,O75794
EIF2S1,80,77,M17,C,P05198
EIF2B2,80,77,M17,C,P49770
EIF2B3,80,77,M17,C,Q9NR50
EIF2S3,80,77,M17,C,P41091
EIF2B1,80,77,M17,C,Q14232
SEC16A,81,NULL,M10,B,O15027
CSNK1A1,81,NULL,M10,B,P48729
STX16-NPEPL1,82,78,M12,B,NA
VAMP4,82,78,M12,B,O75379
VTI1A,82,78,M12,B,Q96AJ9
VTI1B,82,78,M12,B,Q9UEU0
GOLPH3,82,78,M12,B,Q9H4A6
STX8,82,78,M12,B,Q9UNK0
STX6,82,78,M12,B,O43752
STX16,82,78,M12,B,O14662
STX10,82,78,M12,B,O60499
VPS26A,83,79,M06,A,O75436
VPS26B,83,79,M06,A,Q4G0F5
VPS35,83,79,M06,A,Q96QK1
WASHC4,83,79,M06,A,Q2M389
BRF1,84,80,M14,C,Q92994
GTF2A1,84,80,M14,C,P52655
TBP,84,80,M14,C,P20226
TAF5,84,80,M14,C,Q15542
BTAF1,84,80,M14,C,O14981
RBM10,85,NULL,M16,C,P98175
CCAR1,85,81,M16,C,Q8IX12
U2AF1,85,81,M16,C,Q01081
U2AF2,85,81,M16,C,P26368
U2AF1L4,85,81,M16,C,Q8WU68
RNASEK-C17ORF49,86,82,M01,A,NA
RSF1,86,82,M01,A,Q96T23
HMGXB4,86,82,M01,A,Q9UGU5
CECR2,86,82,M01,A,Q9BXF3
POLE3,86,82,M01,A,Q9NRF9
BPTF,86,82,M01,A,Q12830
BAP18,86,82,M01,A,Q8IXM2
C17ORF49,86,82,M01,A,Q8IXM2
BAZ1A,86,82,M01,A,Q9NRL2
CHRAC1,86,82,M01,A,Q9NRG0
SMARCA5,86,82,M01,A,O60264
SMARCA1,86,82,M01,A,P28370
POM121C,87,NULL,M03,A,A8CG34
POM121,87,NULL,M03,A,Q96HA1
NUSAP1,87,NULL,M03,A,Q9BXS6
KPNA2,87,83,M03,A,P52292
KPNA3,87,83,M03,A,O00505
IPO7,87,83,M03,A,O95373
KPNB1,87,83,M03,A,Q14974
GNG12,88,84,M12,B,Q9UBI6
GNAI2,88,84,M12,B,P04899
GNAO1,88,84,M12,B,P09471
GNB1,88,84,M12,B,P62873
GNA11,88,84,M12,B,P29992
GNAI1,88,84,M12,B,P63096
RAD23B,89,85,M08,A,P54727
CETN2,89,85,M08,A,P41208
POC5,89,NULL,M08,A,Q8NA72
CETN3,89,85,M08,A,O15182
SFI1,89,NULL,M08,A,A8K8P3
RAB1B,90,86,M13,B,Q9H0U4
YIF1B,90,86,M13,B,Q5BJH7
YIF1A,90,86,M13,B,O95070
YIPF5,90,86,M13,B,Q969M3
IER3IP1,90,86,M13,B,Q9Y5U9
VDAC1,91,87,M06,A,P21796
VDAC2,91,87,M06,A,P45880
VDAC3,91,87,M06,A,Q9Y277
HK1,91,NULL,M06,A,P19367
HK2,91,NULL,M06,A,P52789
SNTB2,92,NULL,M07,A,Q13425
UTRN,92,NULL,M07,A,P46939
UMAD1,93,88,M11,B,C9J7I0
VPS37B,93,88,M11,B,Q9H9H4
MVB12B,93,88,M11,B,Q9H7P6
TSG101,93,88,M11,B,Q99816
MVB12A,93,88,M11,B,Q96EY5
UBAP1,93,88,M11,B,Q9NZ09
CEP55,93,NULL,M11,B,Q53EZ4
VPS37A,93,88,M11,B,Q8NEZ2
VPS28,93,88,M11,B,Q9UK41
SEPTIN9,94,89,M13,B,Q9UHD8
SEPTIN7,94,89,M13,B,Q16181
SEPTIN11,94,89,M13,B,Q9NVA2
SEPTIN6,94,89,M13,B,Q14141
SEPTIN8,94,89,M13,B,Q92599
SEPTIN3,94,89,M13,B,Q9UH03
SEPTIN2,94,89,M13,B,Q15019
SEPTIN5,94,89,M13,B,Q99719
SEPTIN10,94,89,M13,B,Q9P0V9
CPVL,94,NULL,M13,B,Q9H3G5
WAC,95,90,M14,C,Q9BTA9
RBM12,95,NULL,M14,C,Q9NTZ6
RNF40,95,90,M14,C,O75150
RNF20,95,90,M14,C,Q5VTR2
SRRT,96,91,M03,A,Q9BXP5
YTHDF2,96,91,M03,A,Q9Y5A9
PHAX,96,91,M03,A,Q9H814
NCBP1,96,91,M03,A,Q09161
H1-5,97,92,M10,B,P16401
BMP2K,97,NULL,M10,B,Q9NSY1
NECAP2,97,92,M10,B,Q9NVZ3
CCDC32,97,92,M10,B,Q9BV29
CNBP,97,NULL,M10,B,P62633
AP2A2,97,92,M10,B,O94973
SMG1,97,NULL,M10,B,Q96Q15
AP2M1,97,92,M10,B,Q96CW1
AP2S1,97,92,M10,B,P53680
SMN1,98,93,M14,C,Q16637
SMN2,98,93,M14,C,Q16637
GEMIN8,98,93,M14,C,Q9NWZ8
DDX20,98,93,M14,C,Q9UHI6
GEMIN2,98,93,M14,C,O14893
GEMIN5,98,93,M14,C,Q8TEQ6
GEMIN6,98,93,M14,C,Q8WXD5
GEMIN4,98,93,M14,C,P57678
TRIM39-RPP21,99,94,M16,C,NA
RPP21,99,94,M16,C,Q9H633
POP1,99,94,M16,C,Q99575
POP7,99,94,M16,C,O75817
RPP30,99,94,M16,C,P78346
RPP40,99,94,M16,C,O75818
RANBP10,100,95,M17,C,Q6VN20
RANBP9,100,95,M17,C,Q96S59
GID4,100,95,M17,C,Q8IVV7
WDR26,100,95,M17,C,Q9H7D7
GID8,100,95,M17,C,Q9NWU2
MKLN1,100,95,M17,C,Q9UL63
MAEA,100,95,M17,C,Q7L5Y9
RMND5A,100,95,M17,C,Q9H871
ARMC8,100,95,M17,C,Q8IUR7
IRS4,101,96,M09,A,O14654
PIK3R2,101,96,M09,A,O00459
NISCH,101,NULL,M09,A,Q9Y2I1
PIK3R1,101,96,M09,A,P27986
WDR6,101,96,M09,A,Q9NNW5
PIK3CA,101,NULL,M09,A,P42336
PIK3CB,101,96,M09,A,P42338
LSM14A,102,NULL,M17,C,Q8ND56
FXR2,102,NULL,M17,C,P51116
LARP1,103,NULL,M17,C,Q6PKG0
PAIP1,103,NULL,M17,C,Q9H074
PABPC4,103,NULL,M17,C,Q13310
RPL36A-HNRNPH2,104,97,M17,C,NA
PRRC2C,104,97,M17,C,Q9Y520
SAP18,104,97,M17,C,O00422
RBM42,104,97,M17,C,Q9BTD8
RPL36A,104,97,M17,C,P83881
RPL36AL,104,97,M17,C,Q969Q0
LSM6,104,97,M17,C,P62312
SLK,105,NULL,M04,A,Q9H2G2
NOP58,105,98,M04,A,Q9Y2X3
SNU13,105,98,M04,A,P55769
RUVBL1,105,98,M04,A,Q9Y265
RUVBL2,105,98,M04,A,Q9Y230
ATF2,106,99,M01,A,P15336
ATF7,106,99,M01,A,P17544
JUN,106,99,M01,A,P05412
AXIN1,107,NULL,M06,A,O15169
GSK3A,107,100,M06,A,P49840
GSK3B,107,100,M06,A,P49841
PRUNE1,107,100,M06,A,Q86TP1
GSKIP,107,100,M06,A,Q9P0R6
OGT,107,NULL,M06,A,O15294
EEF1D,108,101,M17,C,P29692
EEF1B2,108,101,M17,C,P24534
EEF1G,108,101,M17,C,P26641
EEF1A1,108,101,M17,C,P68104
EEF1A1P5,108,101,M17,C,Q5VTE0
VARS1,108,101,M17,C,P26640
UPF2,109,NULL,M15,C,Q9HAU5
UPF1,109,NULL,M15,C,Q92900
UBA52,110,NULL,M05,A,P62987
UBB,110,NULL,M05,A,P0CG47
UBC,110,NULL,M05,A,P0CG48
TOMM22,111,102,M06,A,Q9NS69
TOMM7,111,102,M06,A,Q9P0U1
TIMM17B,111,102,M06,A,O60830
TOMM20,111,102,M06,A,Q15388
TOMM20,111,102,M06,A,Q15388
GDAP1,111,102,M06,A,Q8TB36
PLGRKT,111,102,M06,A,Q9HBL7
CYB5R3,111,102,M06,A,P00387
C19ORF25,112,103,M12,B,Q9UFG5
STX18,112,104,M12,B,Q9P2W9
USE1,112,103,M12,B,Q9NZ43
BNIP1,112,103,M12,B,Q12981
NBAS,112,104,M12,B,A2RRP1
ZW10,112,103,M12,B,O43264
RINT1,112,103,M12,B,Q6NUQ1
HEXIM1,113,105,M09,A,O94992
CDK13,113,105,M09,A,Q14004
MEPCE,113,105,M09,A,Q7L2J0
CCNT2,113,NULL,M09,A,O60583
CCNT1,113,105,M09,A,O60563
LARP7,113,105,M09,A,Q4G0J3
CDK9,113,105,M09,A,P50750
PACSIN2,114,NULL,M06,A,Q9UNF0
RHOQ,114,NULL,M06,A,P17081
C10ORF32-ASMT,115,106,M12,B,NA
BORCS5,115,106,M12,B,Q969J3
PIP4P1,115,106,M12,B,Q86T03
PIP4P1,115,106,M12,B,Q86T03
BORCS7,115,106,M12,B,Q96B45
BLOC1S2,115,106,M12,B,Q6QNY1
LAMTOR3,115,106,M12,B,Q9UHA4
LAMTOR2,115,106,M12,B,Q9Y2Q5
RAMAC,116,107,M03,A,Q9BTL3
LMNA,116,107,M03,A,P02545
RNMT,116,107,M03,A,O43148
KPNA6,116,107,M03,A,O60684
IGF2BP3,117,NULL,M15,C,O00425
IGF2BP1,117,NULL,M15,C,Q9NZI8
PMF1-BGLAP,118,108,M09,A,NA
DSN1,118,108,M09,A,Q9H410
PMF1,118,108,M09,A,Q6P1K2
NSL1,118,108,M09,A,Q96IY1
KNL1,118,108,M09,A,Q8NG31
MIS12,118,108,M09,A,Q9H081
SPC25,118,108,M09,A,Q9HBM1
MTX1,119,NULL,M06,A,Q13505
DNAJC11,119,NULL,M06,A,Q9NVH1
ATXN2,120,109,M17,C,Q99700
ATXN2L,120,109,M17,C,Q8WWM7
MCRIP1,120,109,M17,C,C9JLW8
NUFIP2,120,109,M17,C,Q7Z417
LSM12,120,NULL,M17,C,Q3MHD2
DDX6,120,109,M17,C,P26196
CTCF,121,NULL,M17,C,P49711
CKMT1A,121,NULL,M17,C,P12532
CKMT1B,121,NULL,M17,C,P12532
RPL38,122,NULL,M18,C,P63173
CERT1,122,NULL,M18,C,Q9Y5P4
CLIP1,123,NULL,M06,A,P30622
PDE4DIP,123,NULL,M06,A,Q5VU43
SCRIB,124,NULL,M10,B,Q14160
PAK1,124,110,M10,B,Q13153
GIT2,124,110,M10,B,Q14161
GIT1,124,110,M10,B,Q9Y2X7
PAK2,124,110,M10,B,Q13177
ARHGEF7,124,110,M10,B,Q14155
NCK2,124,NULL,M10,B,O43639
ARHGEF6,124,110,M10,B,Q15052
PPP6R1,125,111,M06,A,Q9UPN7
PPP6R3,125,111,M06,A,Q5H9R7
ARHGEF2,125,111,M06,A,Q92974
PPP6R2,125,111,M06,A,O75170
ANKRD44,125,NULL,M06,A,Q8N8A2
PPP6C,125,111,M06,A,O00743
ANKRD52,125,111,M06,A,Q8NB46
ANKRD28,125,111,M06,A,O15084
RAD21,126,112,M02,A,O60216
WAPL,126,112,M02,A,Q7Z5K2
WAPL,126,112,M02,A,Q7Z5K2
PDS5B,126,112,M02,A,Q9NTI5
SMC1A,126,112,M02,A,Q14683
SMC3,126,112,M02,A,Q9UQE7
CIRBP,127,113,M14,C,Q14011
LUC7L,127,113,M14,C,Q9NQ29
TNPO3,127,113,M14,C,Q9Y5L0
SDF2L1,128,NULL,M08,A,Q9HCN8
SNX1,128,114,M08,A,Q13596
SNX2,128,114,M08,A,O60749
DNAJB11,128,NULL,M08,A,Q9UBS4
SNX6,128,114,M08,A,Q9UNH7
SNX5,128,114,M08,A,Q9Y5X3
RBMX,129,NULL,M15,C,P38159
SAFB2,129,115,M15,C,Q14151
MATR3,129,115,M15,C,P43243
TOP1,129,115,M15,C,P11387
RAD9A,130,117,M07,A,Q99638
RAD17,130,117,M07,A,O75943
RFC2,130,NULL,M07,A,P35250
RAD1,130,116,M07,A,O60671
RFC5,130,NULL,M07,A,P40937
HUS1,130,116,M07,A,O60921
POMP,131,118,M05,A,Q9Y244
PSMG1,131,118,M05,A,O95456
PSMG4,131,118,M05,A,Q5JS54
MELK,131,NULL,M05,A,Q14680
PSMG3,131,118,M05,A,Q9BT73
PSMG2,131,118,M05,A,Q969U7
NUP214,132,119,M03,A,P35658
NUP62,132,119,M03,A,P37198
NUP88,132,119,M03,A,Q99567
NUP93,132,119,M03,A,Q8N1F7
EPS15L1,133,120,M10,B,Q9UBC2
EPS15,133,121,M10,B,P42566
FCHO2,133,121,M10,B,Q0JRZ9
ITSN1,133,NULL,M10,B,Q15811
AP2A1,133,120,M10,B,O95782
AP2B1,133,120,M10,B,P63010
NACA,134,NULL,M09,A,E9PAV3
BTF3,134,NULL,M09,A,P20290
BAIAP2,135,122,M06,A,Q9UQB8
CAMK2G,135,122,M06,A,Q13555
CARM1,135,122,M06,A,Q86X55
CAMK2D,135,122,M06,A,Q13557
CLASP2,136,NULL,M06,A,O75122
GCC2,136,NULL,M06,A,Q8IWJ2
ACTN4,137,NULL,M07,A,O43707
ACTN1,137,NULL,M07,A,P12814
SUGP1,138,123,M14,C,Q8IWZ8
RANBP2,138,123,M14,C,P49792
DHX15,138,123,M14,C,O43143
RANBP3,139,124,M03,A,Q9H6Z4
UBE2I,139,124,M03,A,P63279
XPO1,139,124,M03,A,O14980
ZBTB10,140,NULL,M01,A,Q96DT7
IPO8,140,NULL,M01,A,O15397
TJP1,141,NULL,M08,A,Q07157
TJP2,141,NULL,M08,A,Q9UDY2
SEC31A,142,NULL,M10,B,O94979
SEC13,142,NULL,M10,B,P55735
RNASEH2C,143,125,M02,A,Q8TDP1
FEN1,143,125,M02,A,P39748
RNASEH2B,143,125,M02,A,Q5TBB1
RNASEH2A,143,125,M02,A,O75792
PCNA,143,125,M02,A,P12004
RABGGTB,144,NULL,M10,B,P53611
RABGGTA,144,NULL,M10,B,Q92696
FAM50A,145,NULL,M14,C,Q14320
SPG21,145,NULL,M14,C,Q9NZD8
PRKAB1,146,126,M06,A,Q9Y478
PRKAB2,146,126,M06,A,O43741
PRKAG1,146,126,M06,A,P54619
PRKAA1,146,126,M06,A,Q13131
FAM126B,147,127,M09,A,Q8IXS8
FAM126A,147,127,M09,A,Q9BYI3
EFR3B,147,127,M09,A,Q9Y2G0
TTC7B,147,127,M09,A,Q86TV6
EFR3A,147,127,M09,A,Q14156
PI4KA,147,127,M09,A,P42356
PFDN2,148,128,M06,A,Q9UHV9
PFDN6,148,128,M06,A,O15212
VBP1,148,128,M06,A,P61758
PFDN1,148,128,M06,A,O60925
PFDN5,148,128,M06,A,Q99471
TSC22D2,149,129,M16,C,O75157
TSC22D1,149,129,M16,C,Q15714
ELOB,149,129,M16,C,Q15370
NRBP1,149,129,M16,C,Q9UHY1
EIF4E,150,130,M14,C,P06730
WDR77,150,130,M14,C,Q9BQA1
WDR3,150,130,M14,C,Q9UNX4
PRMT5,150,130,M14,C,O14744
TBL3,150,130,M14,C,Q12788
NCAPH,151,131,M17,C,Q15003
SMC4,151,131,M17,C,Q9NTJ3
SMC2,151,131,M17,C,O95347
NCAPD2,151,131,M17,C,Q15021
NCAPG,151,131,M17,C,Q9BPX3
MSN,152,NULL,M10,B,P26038
RDX,152,NULL,M10,B,P35241
EZR,152,NULL,M10,B,P15311
MSH6,153,NULL,M02,A,P52701
MSH2,153,NULL,M02,A,P43246
KLC2,154,132,M07,A,Q9H0B6
KLC4,154,132,M07,A,Q9NSK0
KLC3,154,NULL,M07,A,Q6P597
KLC1,154,132,M07,A,Q07866
KIF5B,154,132,M07,A,P33176
KIF5C,154,132,M07,A,O60282
KIF5A,154,NULL,M07,A,Q12840
INTS14,155,NULL,M05,A,Q96SY0
INTS14,155,NULL,M05,A,Q96SY0
H1-0,156,133,M01,A,P07305
MKI67,156,133,M01,A,P46013
NAP1L4,156,133,M01,A,Q99733
LRCH3,157,134,M08,A,Q96II8
LRCH1,157,134,M08,A,Q9Y2L9
DOCK7,157,134,M08,A,Q96N67
RBM33,158,NULL,M14,C,Q96EV2
POLDIP3,158,NULL,M14,C,Q9BY77
CTNND1,159,135,M06,A,O60716
CDH2,159,135,M06,A,P19022
CTNNA1,159,135,M06,A,P35221
CTNNB1,159,135,M06,A,P35222
VRK3,160,136,M18,C,Q8IV63
ULK3,160,136,M18,C,Q6PHR2
RCBTB2,160,136,M18,C,O95199
PES1,161,137,M17,C,O00541
RPL7L1,161,137,M17,C,Q6DKI1
WDR12,161,137,M17,C,Q9GZL7
WNK2,162,138,M18,C,Q9Y3S1
WNK1,162,138,M18,C,Q9H4A3
WNK3,162,NULL,M18,C,Q9BYP7
OXSR1,162,138,M18,C,O95747
VPS11,163,139,M07,A,Q9H270
VPS18,163,139,M07,A,Q9P253
VPS33A,163,139,M07,A,Q96AX1
VPS41,163,139,M07,A,P49754
TGFBRAP1,163,139,M07,A,Q8WUH2
VPS16,163,139,M07,A,Q9H269
VAMP2,164,140,M12,B,P63027
STX12,164,140,M12,B,Q86Y82
SLC6A15,164,140,M12,B,Q9H2J7
SPTLC1,166,NULL,M18,C,O15269
SPTLC2,166,NULL,M18,C,O15270
SEM1,167,NULL,M05,A,P60896
SUPT5H,167,141,M05,A,O00267
INTS13,167,141,M05,A,Q9NVM9
SUPT4H1,167,141,M05,A,P63272
TRIR,168,142,M14,C,Q9BQ61
U2SURP,168,142,M14,C,O15042
CHERP,168,142,M14,C,Q8IWX8
RBM17,168,142,M14,C,Q96I25
GPATCH11,168,142,M14,C,Q8N954
ETF1,168,142,M14,C,P62495
REPS1,169,143,M10,B,Q96D71
AAK1,169,143,M10,B,Q2M2I8
RALBP1,169,143,M10,B,Q15311
MYH10,170,144,M08,A,P35580
MYL9,170,144,M08,A,P24844
MYL12A,170,144,M08,A,P19105
NCKAP5L,171,145,M04,A,Q9HCH0
FXR1,171,145,M04,A,P51114
ANKRD39,171,145,M04,A,Q53RE8
MED18,171,145,M04,A,Q9BUE0
KSR1,172,NULL,M07,A,Q8IVT5
MAP2K2,172,NULL,M07,A,P36507
MAP2K1,172,NULL,M07,A,Q02750
LDHB,173,NULL,M06,A,P07195
LDHA,173,NULL,M06,A,P00338
LDHC,173,NULL,M06,A,P07864
DNAJC2,174,NULL,M09,A,Q99543
HSPA14,174,NULL,M09,A,Q0VDF9
NCOR2,175,146,M10,B,Q9Y618
NCOR1,175,146,M10,B,O75376
GPS2,175,146,M10,B,Q13227
HDAC3,175,146,M10,B,O15379
FBL,176,NULL,M04,A,P22087
ANXA5,176,NULL,M04,A,P08758
CDS1,177,NULL,M18,C,Q92903
CDS2,177,NULL,M18,C,O95674
ALDH3A2,177,NULL,M18,C,P51648
DCP1B,178,147,M10,B,Q8IZD4
DCP1A,178,147,M10,B,Q9NPI6
EDC4,178,147,M10,B,Q6P2E9
EDC3,178,147,M10,B,Q96F86
BAG6,179,148,M12,B,P46379
BAG6,179,148,M12,B,P46379
RNF126,179,148,M12,B,Q9BV68
GET4,179,148,M12,B,Q7L5D6
UBL4A,179,148,M12,B,P11441
ERLIN2,179,148,M12,B,O94905
ARFIP2,180,NULL,M16,C,P53365
ARFIP1,180,NULL,M16,C,P53367
TNRC6B,181,149,M01,A,Q9UPQ9
TNRC6A,181,149,M01,A,Q8NDV7
TNRC6C,181,149,M01,A,Q9HCJ0
AGO2,181,149,M01,A,Q9UKV8
AGO1,181,149,M01,A,Q9UL18
YY1,182,150,M04,A,P25490
INO80C,182,150,M04,A,Q6PI98
ACTR5,182,150,M04,A,Q9H9F9
WIPF1,183,151,M06,A,O43516
WIPF2,183,151,M06,A,Q8TF74
WASL,183,151,M06,A,O00401
STIP1,185,NULL,M09,A,P31948
HSPA1A,185,NULL,M09,A,P0DMV8
HSPA1B,185,NULL,M09,A,P0DMV9
SOX12,186,NULL,M17,C,O15370
GYG2,186,152,M17,C,O15488
GYS1,186,152,M17,C,P13807
GYG1,186,152,M17,C,P46976
SNX30,187,153,M08,A,Q5VWJ9
SNX4,187,153,M08,A,O95219
SNX7,187,153,M08,A,Q9UNH6
SHKBP1,188,NULL,M06,A,Q8TBC3
SNX27,188,NULL,M06,A,Q96L92
RELA,189,154,M09,A,Q04206
REL,189,154,M09,A,Q04864
NFKBIA,189,154,M09,A,P25963
RMI2,190,155,M06,A,Q96E14
BLM,190,155,M06,A,P54132
RMI1,190,155,M06,A,Q9H9A7
KAT6A,191,156,M18,C,Q92794
KAT6A,191,156,M18,C,Q92794
PICALM,191,156,M18,C,Q13492
OSTC,191,156,M18,C,Q9NRP0
NAPG,192,NULL,M11,B,Q99747
UBE3B,192,NULL,M11,B,Q7Z3V4
NFKBIB,193,157,M09,A,Q15653
RELB,193,NULL,M09,A,Q01201
NFKB2,193,157,M09,A,Q00653
NFKB1,193,157,M09,A,P19838
NFYA,194,NULL,M17,C,P23511
NXF1,194,NULL,M17,C,Q9UBU9
TAB3,195,158,M06,A,Q8N5C8
TAB2,195,158,M06,A,Q9NYJ8
MAP3K7,195,158,M06,A,O43318
TAB1,195,158,M06,A,Q15750
HGS,197,159,M11,B,O14964
IST1,197,NULL,M11,B,P53990
STAM,197,159,M11,B,Q92783
STAM2,197,159,M11,B,O75886
UTP3,198,160,M08,A,Q9NQZ2
MPHOSPH10,198,160,M08,A,O00566
UTP25,198,NULL,M08,A,Q68CQ4
IMP4,198,160,M08,A,Q96G21
IMP3,198,160,M08,A,Q9NV31
PARVA,199,161,M07,A,Q9NVD7
PARVB,199,161,M07,A,Q9HBI1
RSU1,199,161,M07,A,Q15404
ILK,199,161,M07,A,Q13418
LIMS1,199,161,M07,A,P48059
HMGN2,200,162,M07,A,P05204
MACROH2A2,200,162,M07,A,Q9P0M6
NAA40,200,162,M07,A,Q86UY6
TMEM192,201,NULL,M10,B,Q8IY95
LAMP2,201,NULL,M10,B,P13473
RYBP,202,163,M01,A,Q8N488
RING1,202,163,M01,A,Q06587
RNF2,202,163,M01,A,Q99496
WIZ,203,NULL,M17,C,O95785
BOP1,203,NULL,M17,C,Q14137
DYNC2LI1,204,164,M06,A,Q8TCX1
DYNLT2B,204,164,M06,A,Q8WW35
DYNC2H1,204,164,M06,A,Q8NCM8
NAF1,205,165,M02,A,Q96HR8
GAR1,205,165,M02,A,Q9NY12
NOP10,205,165,M02,A,Q9NPE3
DKC1,205,165,M02,A,O60832
MACO1,206,NULL,M13,B,Q8N5G2
CERS6,206,NULL,M13,B,Q6ZMG9
NRBF2,207,166,M10,B,Q96F24
ATG14,207,166,M10,B,Q6ZNE5
BECN1,207,166,M10,B,Q14457
PIK3C3,207,166,M10,B,Q8NEB9
PIK3R4,207,166,M10,B,Q99570
ULK1,208,167,M18,C,O75385
RB1CC1,208,167,M18,C,Q8TDY2
ATG101,208,167,M18,C,Q9BSB4
RABAC1,209,NULL,M13,B,Q9UI14
ARL6IP1,209,NULL,M13,B,Q15041
ATF7IP,210,168,M12,B,Q6VMQ6
SNAP29,210,168,M12,B,O95721
SETDB1,210,168,M12,B,Q15047
ARL14EP,210,168,M12,B,Q8N8R7
WBP11,211,169,M13,B,Q9Y2W2
LMAN2,211,169,M13,B,Q12907
ARF4,211,169,M13,B,P18085
NOMO1,212,170,M18,C,Q15155
NOMO3,212,170,M18,C,P69849
NCLN,212,170,M18,C,Q969V3
WDR43,213,171,M01,A,Q15061
NOL11,213,171,M01,A,Q9H8H0
UTP4,213,171,M01,A,Q969X6
UTP4,213,171,M01,A,Q969X6
TAF4,214,172,M14,C,O00268
CHD3,214,172,M14,C,Q12873
TAF9B,214,172,M14,C,Q9HBM6
TAF1,214,172,M14,C,P21675
STK11,215,NULL,M06,A,Q15831
STRADA,215,NULL,M06,A,Q7RTN6
PRRC1,216,173,M10,B,Q96M27
SEC24C,216,173,M10,B,P53992
SEC24D,216,173,M10,B,O94855
SEC23A,216,173,M10,B,Q15436
ARAF,217,NULL,M07,A,P10398
RAF1,217,NULL,M07,A,P04049
PARD6B,218,174,M09,A,Q9BYG5
LLGL1,218,174,M09,A,Q15334
PRKCI,218,174,M09,A,P41743
PHF10,219,175,M03,A,Q8WUB8
BRD7,219,175,M03,A,Q9NPI1
STK32C,219,175,M03,A,Q86UX6
PBRM1,219,175,M03,A,Q86U86
SEC23IP,221,NULL,M10,B,Q9Y6Y8
PDCD6,221,NULL,M10,B,O75340
PI4K2A,222,NULL,M07,A,Q9BTU6
ALDH1A1,222,NULL,M07,A,P00352
PHETA1,223,NULL,M17,C,Q8N4B1
OCRL,223,NULL,M17,C,Q01968
NVL,224,NULL,M03,A,O15381
ATP5PD,224,NULL,M03,A,O75947
ZNF644,225,176,M04,A,Q9H582
NOL10,225,176,M04,A,Q9BSC4
SRI,225,176,M04,A,P30626
OSTF1,226,NULL,M08,A,Q92882
MYO1E,226,NULL,M08,A,Q12965
RPTOR,227,177,M07,A,Q8N122
VMP1,227,177,M07,A,Q96GC9
MTOR,227,177,M07,A,P42345
MAPKAPK3,228,178,M08,A,Q16644
MAPKAPK2,228,178,M08,A,P49137
MAPK11,228,NULL,M08,A,Q15759
MAPK14,228,178,M08,A,Q16539
LZTS2,229,NULL,M03,A,Q9BRK4
RANGAP1,229,NULL,M03,A,P46060
ITPR1,231,NULL,M09,A,Q14643
ITPR3,231,NULL,M09,A,Q14573
DNAJB1,232,NULL,M09,A,P25685
HSPH1,232,NULL,M09,A,Q92598
SDC3,233,NULL,M17,C,O75056
FARP1,233,NULL,M17,C,Q9Y4F1
HOMER2,234,NULL,M06,A,Q9NSB8
HOMER1,234,NULL,M06,A,Q86YM7
ALYREF,235,NULL,M14,C,Q86V81
TNPO1,235,NULL,M14,C,Q92973
CHP1,237,NULL,M11,B,Q99653
GPAT3,237,NULL,M11,B,Q53EU6
NUP98,238,180,M03,A,P52948
NUP133,238,180,M03,A,Q8WUM0
NUP107,238,180,M03,A,P57740
NUP85,238,180,M03,A,Q9BW27
RPL29,239,NULL,M17,C,P47914
FKBP15,240,NULL,M06,A,Q5T1M5
DNAJC13,240,NULL,M06,A,O75165
CTPS1,241,NULL,M14,C,P17812
CTPS2,241,NULL,M14,C,Q9NRF8
CSNK1D,242,NULL,M10,B,P48730
CSNK1E,242,NULL,M10,B,P49674
CKAP2,243,NULL,M06,A,Q8WWK9
KIF22,243,NULL,M06,A,Q14807
CCNB1,244,NULL,M01,A,P14635
STOM,244,NULL,M01,A,P27105
PTGFRN,245,NULL,M12,B,Q9P2B2
CD9,245,NULL,M12,B,P21926
CD81,245,NULL,M12,B,P60033
AMOT,246,181,M10,B,Q4VCS5
ITGA6,246,181,M10,B,P23229
CD151,246,181,M10,B,P48509
PHKG2,247,182,M08,A,P15735
PHKA1,247,182,M08,A,P46020
PHKB,247,182,M08,A,Q93100
CALM1,248,NULL,M08,A,P0DP23
CAMK1,248,NULL,M08,A,Q14012
MYO1C,248,NULL,M08,A,O00159
MYO1B,248,NULL,M08,A,O43795
C9ORF16,249,NULL,M12,B,Q9BUW7
ATP6V1F,249,NULL,M12,B,Q16864
VMA21,250,183,M12,B,Q3ZAQ7
TMEM199,250,183,M12,B,Q8N511
ATP6V0A2,250,183,M12,B,Q9Y487
ATP1A1,251,NULL,M12,B,P05023
ATP1B3,251,NULL,M12,B,P54709
ATG12,252,NULL,M18,C,O94817
ATG5,252,NULL,M18,C,Q9H1Y0
ALDH16A1,253,NULL,M10,B,Q8IZ83
DERA,253,NULL,M10,B,Q9Y315
SUB1,254,NULL,M02,A,P53999
AAMP,254,NULL,M02,A,Q13685
TTK,255,184,M07,A,P33981
ITPRIP,255,184,M07,A,Q8IWB1
VPS8,255,184,M07,A,Q8N3P4
RUBCN,256,185,M10,B,Q92622
RUBCNL,256,185,M10,B,Q9H714
UVRAG,256,185,M10,B,Q9P2Y5
USP1,257,NULL,M11,B,O94782
WDR48,257,NULL,M11,B,Q8TAF3
TOM1L1,258,NULL,M10,B,O75674
TOLLIP,258,NULL,M10,B,Q9H0E2
STIM1,259,NULL,M09,A,Q13586
STIM2,259,NULL,M09,A,Q9P246
CDCA5,260,186,M02,A,Q96FF9
STAG1,260,186,M02,A,Q8WVM7
STAG1,260,186,M02,A,Q68DW7
SRPRA,261,NULL,M18,C,P08240
SRPRB,261,NULL,M18,C,Q9Y5M8
VPS36,262,187,M11,B,Q86VN1
VPS25,262,187,M11,B,Q9BRG1
SNF8,262,187,M11,B,Q96H20
PDS5A,263,NULL,M02,A,Q29RF7
STAG2,263,NULL,M02,A,Q8N3U4
NEFM,264,188,M12,B,P07197
NDRG1,264,188,M12,B,Q92597
SLC7A5,264,188,M12,B,Q01650
OSTM1,265,189,M06,A,Q86WC4
CLCN7,265,189,M06,A,P51798
SLC15A4,265,189,M06,A,Q8N697
UBA2,266,NULL,M03,A,Q9UBT2
SAE1,266,NULL,M03,A,Q9UBE0
TMA16,267,NULL,M14,C,Q96EY4
RPS6KB2,267,NULL,M14,C,Q9UBS0
RPAP2,268,NULL,M04,A,Q8IXW5
GPN3,268,NULL,M04,A,Q9UHW5
RBSN,269,NULL,M12,B,Q9H1K0
VPS45,269,NULL,M12,B,Q9NRW7
RABIF,271,NULL,M11,B,P47224
RAB13,271,NULL,M11,B,P51153
RAB35,271,NULL,M11,B,Q15286
PRKD2,272,190,M07,A,Q9BZL6
PRKD3,272,190,M07,A,O94806
PRKD1,272,190,M07,A,Q15139
PKN2,273,NULL,M08,A,Q16513
PDCD11,273,NULL,M08,A,Q14690
OSBPL9,274,NULL,M13,B,Q96SU4
OSBPL11,274,NULL,M13,B,Q9BXB4
WDR75,275,NULL,M01,A,Q8IWA0
HEATR1,275,NULL,M01,A,Q9H583
MRTO4,276,191,M09,A,Q9UKD2
RPL37A,276,191,M09,A,P61513
CAD,276,191,M09,A,P27708
MAP2K4,277,NULL,M08,A,P45985
MAPK9,277,NULL,M08,A,P45984
MAPK8,277,NULL,M08,A,P45983
LNPK,278,NULL,M13,B,Q9C0E8
LNPK,278,NULL,M13,B,Q9C0E8
MCFD2,279,NULL,M13,B,Q8NI22
LMAN1,279,NULL,M13,B,P49257
CDC37,280,NULL,M09,A,Q16543
LIMK2,280,NULL,M09,A,P53671
ANP32A,281,NULL,M03,A,P39687
KPNA1,281,NULL,M03,A,P52294
CIAPIN1,282,NULL,M12,B,Q6FI81
IPO13,282,NULL,M12,B,O94829
INTS3,283,192,M05,A,Q68E01
NELFB,283,192,M05,A,Q8WX92
INTS9,283,192,M05,A,Q9NV88
GPAT4,284,NULL,M11,B,Q86UL3
GPAT4,284,NULL,M11,B,Q86UL3
SLC35E1,285,NULL,M13,B,Q96K37
TM9SF3,285,NULL,M13,B,Q9HD45
ESF1,287,193,M03,A,Q9H501
ABT1,287,193,M03,A,Q9ULW3
DDX47,287,193,M03,A,Q9H0S4
IKBKG,289,194,M09,A,Q9Y6K9
IKBKB,289,194,M09,A,O14920
CHUK,289,194,M09,A,O15111
CDK4,290,NULL,M06,A,P11802
CDKN2C,290,NULL,M06,A,P42773
CDK11B,291,195,M09,A,P21127
CDK11A,291,195,M09,A,Q9UQ88
SAP30BP,291,195,M09,A,Q9UHR5
CCZ1,292,196,M06,A,P86791
CCZ1B,292,196,M06,A,P86790
RMC1,292,196,M06,A,Q96DM3
HNRNPU,293,NULL,M15,C,Q00839
HNRNPDL,293,NULL,M15,C,O14979
DPY30,294,NULL,M02,A,Q9C005
ARFGEF1,294,NULL,M02,A,Q9Y6D6
XRCC6,295,197,M01,A,P12956
XRCC5,295,197,M01,A,P13010
PRKDC,295,197,M01,A,P78527
ESYT2,296,NULL,M13,B,A0FGR8
ESYT1,296,NULL,M13,B,Q9BSJ8
ARL2-SNX15,297,198,M06,A,NA
ARL2,297,198,M06,A,P36404
TBCD,297,198,M06,A,Q9BTW9
AKAP10,298,NULL,M02,A,O43572
ARFGEF2,298,NULL,M02,A,Q9Y6D5
ANXA11,299,NULL,M04,A,P50995
PRDX3,299,NULL,M04,A,P30048
TANC1,300,NULL,M06,A,Q9C0D5
AGAP3,300,NULL,M06,A,Q96P47
AGAP1,300,NULL,M06,A,Q9UPQ3