gene_names,community,core_complex
ATG4B,1,0
ATG7,1,0
CAPRIN1,1,0
CCDC124,1,0
DLG1,1,0
DRG1,1,0
EEF2,1,0
EIF3C;EIF3CL,1,0
ENY2,1,0
FASTKD2,1,0
G3BP1,1,0
G3BP2,1,0
GLUD1;GLUD2,1,0
GNB2L1,1,0
GSPT1,1,0
HMGB2,1,0
HSPB1,1,0
ILF2,1,0
ILF3,1,0
MAGOH;MAGOHB,1,0
MAGOHB,1,0
MARS,1,0
METAP2,1,0
MTDH,1,0
NCL,1,0
PA2G4,1,0
PABPC1,1,0
RACK1,1,0
RBM8A,1,0
RPL10,1,0
RPL10A,1,0
RPL11,1,0
RPL12,1,0
RPL13,1,0
RPL13A;RPL13A,1,0
RPL14,1,0
RPL15,1,0
RPL17;RPL17-C18ORF32,1,0
RPL18,1,0
RPL18A,1,0
RPL19,1,0
RPL21,1,0
RPL22,1,0
RPL23,1,0
RPL23A,1,0
RPL24,1,0
RPL26L1;RPL26,1,0
RPL27,1,0
RPL27A,1,0
RPL28,1,0
RPL3,1,0
RPL30,1,0
RPL31,1,0
RPL32,1,0
RPL34,1,0
RPL35,1,0
RPL35A,1,0
RPL36,1,0
RPL39P5;RPL39,1,0
RPL4,1,0
RPL5,1,0
RPL6,1,0
RPL7,1,0
RPL7A,1,0
RPL8,1,0
RPL9,1,0
RPLP0;RPLP0P6,1,0
RPLP1,1,0
RPLP2,1,0
RPS10;RPS10-NUDT3,1,0
RPS11,1,0
RPS12,1,0
RPS13,1,0
RPS14,1,0
RPS15,1,0
RPS15A,1,0
RPS16,1,0
RPS17,1,0
RPS18,1,0
RPS19,1,0
RPS2,1,0
RPS20,1,0
RPS21,1,0
RPS23,1,0
RPS24,1,0
RPS25,1,0
RPS26,1,0
RPS27,1,0
RPS27L,1,0
RPS28,1,0
RPS3,1,0
RPS3A,1,0
RPS4X,1,0
RPS5,1,0
RPS6,1,0
RPS7,1,0
RPS9,1,0
RPSA,1,0
SEC61G,1,0
SERBP1,1,0
SRP14,1,0
SRP19,1,0
SRP54,1,0
SRP68,1,0
SRP72,1,0
SRP9,1,0
SRP9;DKFZP564M2223,1,0
SSR1,1,0
SSR4,1,0
STAU1,1,0
TPT1,1,0
ZC3H15,1,0
EIF4B,1,1
FAU,1,1
PSPC1,1,1
ABCF2,1,
ASCC1,1,
AVEN,1,
BTF3L4,1,
CCDC86,1,
CENPQ,1,
DARS,1,
DHX29,1,
DHX30,1,
DHX57,1,
EIF1B,1,
EIF4A2,1,
EXOSC3,1,
EXOSC4,1,
EXOSC9,1,
GNL2,1,
GPC4,1,
GTPBP4,1,
HERC5,1,
LARP4,1,
LARP4B,1,
LSG1,1,
LYAR,1,
MAGEB2,1,
NKRF,1,
PDZD8,1,
PRRC2B,1,
QARS,1,
RBM28,1,
RNMTL1,1,
RRP1B,1,
SDAD1,1,
SERPINB12,1,
SND1,1,
TARBP2,1,
WASH6P;WASH3P;WASH2P;WASH1;WASH4P,1,
ZCCHC17,1,
ZNF598,1,
ZNF622,1,
C3ORF17,2,
CMAS,2,
EPB41L5,2,
ISG20L2,2,
KIAA0020,2,
KRI1,2,
MINA,2,
MRPL24,2,
MRPL41,2,
MRPS17;HCG_1984214,2,
MRPS18B,2,
MRPS23,2,
NIFK,2,
NPM1,2,
NPM3,2,
RRP8,2,
SENP5,2,
ACTR10,3,2
ACTR1B,3,2
CALD1,3,2
CAPZA1,3,2
CAPZA2,3,2
CAPZB,3,2
CD2AP,3,2
DCTN2,3,2
DCTN3,3,2
DCTN4,3,2
FAM21A,3,2
MTPN,3,2
TWF1,3,2
AIF1L,3,
ASF1A,3,
CABIN1,3,
CNOT2,3,
DBNL,3,
DCTN5,3,
FAM101B,3,
FLII,3,
FLNA,3,
FLNB,3,
FLNC,3,
HIRA,3,
KIAA1671,3,
LIMA1,3,
MPP5,3,
MYO5C,3,
NEXN,3,
NSUN2,3,
PEAK1,3,
PHLDB2,3,
PPP1CA;PPP1CB,3,
PPP1CB,3,
PPP1CC,3,
PPP1R9A,3,
SIPA1L3,3,
SPAST,3,
SPECC1,3,
SPTAN1,3,
SVIL,3,
TMOD1,3,
TMOD3,3,
UBN2,3,
HIST2H2BE,4,3
HIST2H3A,4,3
PARP1,4,3
APTX,4,
CHD1L,4,
CORO1B,4,
CORO1C,4,
HLTF,4,
KAT7,4,
LIG3,4,
MCM5,4,
MEAF6,4,
MSL1,4,
PNKP,4,
POLB,4,
RECQL,4,
SHPRH,4,
UHRF1,4,
XRCC1,4,
CBX4,5,
CSNK2B,5,
GTF3C5,5,
ING5,5,
JADE1,5,
JADE3,5,
PCGF3,5,
PCGF5,5,
PHF2,5,
RPS6KA3,5,
DNM1,6,
DNM2,6,
DNM3,6,
SNX9,6,
CCDC47,7,4
DERL2,7,4
EMC1,7,4
EMC10,7,4
EMC2,7,4
EMC3,7,4
EMC4,7,4
EMC7,7,4
EMC8,7,4
EMC9,7,4
TMEM33,7,4
ERN1,7,5
PGRMC2,7,5
SEC61A1,7,5
SEC61A2,7,5
SEC61B,7,5
SEC62,7,5
SEC63,7,5
SSR3,7,5
ATP13A1,7,
ATP2A2,7,
MMGT1,7,
ODR4,7,
PTRH2,7,
RAB29,7,
TEX264,7,
HSP90B1,8,6
SAR1B,8,6
SAR1B;DKFZP434B2017,8,6
UBA5,8,
UFC1,8,
UFM1,8,
CHD4,9,7
CTBP1,9,7
CTBP2,9,7
GATAD2A,9,7
GATAD2B,9,7
HDAC1,9,7
HDAC2,9,7
HIST2H2BE;HIST1H2BB;HIST1H2BO;HIST1H2BJ,9,7
KDM1A,9,7
MBD2,9,7
MBD3,9,7
MIER1,9,7
MTA1,9,7
MTA2,9,7
RBBP4,9,7
RBBP7,9,7
RCOR1,9,7
SAP30,9,7
SIN3A,9,7
ZMYND8,9,7
ARID4A,9,
ARID5B,9,
BAHD1,9,
BCL11A,9,
BEND3,9,
BRMS1L,9,
C16ORF87,9,
CASZ1,9,
FAM60A,9,
GSE1,9,
HIC2,9,
HMG20A,9,
HMG20B,9,
L3MBTL3,9,
LCOR,9,
MECOM,9,
MIER3,9,
MTA3,9,
PHF21A,9,
RAI1,9,
RCOR3,9,
RREB1,9,
SALL1,9,
SAP130,9,
SAP30L,9,
SATB2,9,
SUDS3,9,
TCF20,9,
TRPS1,9,
ZEB1,9,
ZEB2,9,
ZHX1,9,
ZHX2,9,
ZHX3,9,
ZMYM2,9,
ZNF217,9,
ZNF423,9,
ZNF516,9,
ZNF609,9,
ZNF687,9,
DDX5,10,8
FUS,10,8
HNRNPA0,10,8
HNRNPC;HNRNPCL3;HNRNPCL2;HNRNPCL1;HNRNPCL4,10,8
LSM2,10,8
SNRNP70,10,8
SNRPA,10,8
SNRPB,10,8
SNRPB;SNRPN,10,8
SNRPC,10,8
SNRPD2,10,8
SNRPD3,10,8
SNRPF,10,8
SRSF1,10,8
STRAP,10,8
TAF15,10,8
TXN,10,8
ARL6IP4,10,
CCDC12,10,
CMTR2,10,
CPSF1,10,
CSTF2,10,
DDX3X,10,
DDX41,10,
FAM208A,10,
IWS1,10,
KIN,10,
KLHL8,10,
LEO1,10,
NKAP,10,
PARD3B,10,
PAXBP1,10,
PHF3,10,
PPIG,10,
PPP1R10,10,
PPWD1,10,
PQBP1,10,
RBBP6,10,
RBM22,10,
RNPC3,10,
RPRD1B;RPRD1A,10,
RPRD2,10,
SART3,10,
SETD2,10,
SMU1,10,
SNRNP35,10,
SNUPN,10,
SON,10,
SRPK1,10,
SRRM1,10,
SRRM2,10,
SRSF4,10,
SYF2,10,
TOE1,10,
ZNF207,10,
ZNF318,10,
ZNF326,10,
AGGF1,11,9
CTTNBP2NL,11,9
DDA1,11,9
DYNLL1,11,9
DYNLL2,11,9
DYRK1A,11,9
FAM117A,11,9
GOLGB1,11,9
GPHN,11,9
HMMR,11,9
KIAA1468,11,9
MORC3,11,9
NEK9,11,9
PXN,11,9
RNF214,11,9
SKP1,11,9
TP53BP1,11,9
UBQLN1,11,9
UBQLN4,11,9
ZMYM3,11,9
ZMYM4,11,9
AMOTL1,11,
ANKRD20A1;ANKRD20A2;ANKRD20A3;ANKRD20A4;ANKRD20A8P,11,
ATMIN,11,
CIZ1,11,
DIABLO,11,
DLG5,11,
EML3,11,
EML4,11,
FBXO30,11,
IFFO1,11,
IFFO2,11,
KANK1,11,
KANK2,11,
KMT2C,11,
KNSTRN,11,
LCA5,11,
MPHOSPH9,11,
MTPAP,11,
MYO5A,11,
N4BP2,11,
NDE1,11,
NDEL1,11,
OFD1,11,
OPTN,11,
PDZRN3,11,
PLEKHH2,11,
PPFIBP1,11,
PTPN12,11,
RSBN1,11,
SOGA1,11,
WWC1,11,
WWC2,11,
XIAP,11,
ZMYM6,11,
CHD7,12,
FKBP5,12,
BAZ1B,13,10
CBX5,13,10
CUL4B,13,10
EED,13,10
HIST1H2AC,13,10
HIST2H2AB,13,10
HMGN5,13,10
HP1BP3,13,10
ING5;ING4,13,10
MCM6,13,10
MCM7,13,10
MTF2,13,10
NCK1,13,10
NUCKS1,13,10
NUMA1,13,10
PHIP,13,10
SUZ12,13,10
TOP2A,13,10
TOP2B,13,10
WHSC1,13,10
ZNF512,13,10
APOBEC3C,13,
ATAD2,13,
ATAD2B,13,
BRD1,13,
BRPF1,13,
CBX2,13,
CBX8,13,
CHAMP1,13,
CUL4A,13,
EZH2,13,
GLYR1,13,
HMGA1,13,
KDM5B,13,
KMT2A,13,
MCM2,13,
MCM4,13,
MRE11A,13,
NECAP1,13,
NTHL1,13,
PARP2,13,
PHF14,13,
POGZ,13,
PRDM2,13,
SRCAP,13,
SUV39H1,13,
TRIP12,13,
WDR76,13,
ZNF22,13,
ADRM1,14,11
GPI,14,11
KIAA0368,14,11
PSMA1,14,11
PSMA2,14,11
PSMA3,14,11
PSMA4,14,11
PSMA5,14,11
PSMA6,14,11
PSMA7,14,11
PSMB1,14,11
PSMB2,14,11
PSMB3,14,11
PSMB4,14,11
PSMB5,14,11
PSMC1,14,11
PSMC2,14,11
PSMC3,14,11
PSMC4,14,11
PSMC5,14,11
PSMC6,14,11
PSMD1,14,11
PSMD10,14,11
PSMD11,14,11
PSMD13,14,11
PSMD2,14,11
PSMD3,14,11
PSMD4,14,11
PSMD4;PIPSL,14,11
PSMD6,14,11
PSMD7,14,11
PSMD8,14,11
PSMF1,14,11
UCHL5,14,11
PAAF1,14,12
PSMD12,14,12
PSMD14,14,12
UBE3C,14,12
FAM192A;NIP30,14,13
PSMB7,14,13
PSME4,14,13
AKIRIN1,14,
ANKRD36B;ANKRD36,14,
ANKZF1,14,
PSMB6,14,
UBQLN2,14,
USP14,14,
CDC42,15,14
MYL6,15,14
MYL6B,15,14
IQGAP1,15,
IQGAP3,15,
MYO9B,15,
CLINT1,16,15
CLTA,16,15
CLTB,16,15
CLTC,16,15
SCYL2,16,15
AFTPH,16,
ALDH18A1,16,
AP1AR,16,
AP1B1,16,
AP1G1,16,
AP1M1,16,
ARHGAP18,16,
CHMP1A,16,
CHMP2A,16,
CHMP5,16,
CLTCL1,16,
DCP2,16,
GAK,16,
HIP1,16,
HIP1R,16,
IGF2R,16,
KIAA0430,16,
LSM1,16,
LSM4,16,
PIK3C2A,16,
VPS4A,16,
ARCN1,17,16
BCAP31,17,16
COPA,17,16
COPB1,17,16
COPB2,17,16
COPE,17,16
COPG1,17,16
COPG2,17,16
COPZ1,17,16
SCYL1,17,16
ALDH7A1,17,
APMAP,17,
ARF5,17,
BCAP29,17,
DHRS7,17,
ERGIC1,17,
ERLIN1,17,
FAM213A,17,
GDPD1,17,
GPATCH2,17,
GRAMD1A,17,
HSD17B11,17,
HSD17B12,17,
ILVBL,17,
LCLAT1,17,
MICAL2,17,
NDC1,17,
NUDCD1,17,
PPIP5K2,17,
PRDX4,17,
PSD3,17,
PTBP3,17,
RCN1,17,
RTN2,17,
SACM1L,17,
SCYL3,17,
SMIM11,17,
SUGP2,17,
SUN2,17,
WDR11,17,
C4ORF32,18,17
DAD1,18,17
DDOST,18,17
EMD,18,17
KRTCAP2,18,17
MAGT1,18,17
MLEC,18,17
POR,18,17
RPN1,18,17
RPN2,18,17
STT3A,18,17
TIA1,18,17
TMEM43,18,17
TMPO,18,17
STT3B,18,18
TUSC3,18,18
APBB1,18,
DNAJB12,18,
DSG2,18,
EIF2AK3,18,
FAM50B,18,
JUP,18,
LIN52,18,
LIN54,18,
MYBL2,18,
NFXL1,18,
NSG1,18,
OST4,18,
PACRGL,18,
PHF8,18,
PLAGL1;DKFZP781P1017,18,
RAB5C;RAB5B;DIRAS1;DIRAS2;RAB5A,18,
RNF10,18,
SCD,18,
SIX1;SIX2,18,
SMG7,18,
STAU2,18,
TONSL,18,
TOR1AIP1,18,
VRK2,18,
YTHDF3,18,
ZC3HAV1,18,
EIF4A3,19,19
SSRP1,19,19
SUPT16H,19,19
ZCCHC8,19,19
ATRX,19,
MMS22L,19,
CKAP5,20,20
DNAJA1,20,20
TACC3,20,20
TUBA1B,20,20
TUBB4B,20,20
CEP97,20,
DLGAP5,20,
KIF14,20,
SLAIN1,20,
SLAIN2,20,
TACC1,20,
TACC2,20,
TCP11L1,20,
TCP11L2,20,
TUBB2B,20,
ZC2HC1A,20,
CCDC97,21,21
DDX42,21,21
DNAJC8,21,21
HTATSF1,21,21
P4HA1,21,21
PCNP,21,21
PPP4C,21,21
PPP4R2,21,21
SF3A1,21,21
SF3A2,21,21
SF3A3,21,21
SF3B1,21,21
SF3B2,21,21
SF3B3,21,21
SF3B4,21,21
SF3B5,21,21
SF3B6,21,21
SLC4A1AP,21,21
SMEK1,21,21
SNRPA1,21,21
SNRPB2,21,21
SNRPD1,21,21
TTC33,21,21
WDR61,21,21
ATXN7L2,21,
C16ORF33;SNRNP25,21,
RAB3IP,21,
RBM5,21,
SCNM1,21,
THRAP3,21,
ZCRB1,21,
ZRSR2,21,
CCT2,22,22
CCT3,22,22
CCT4,22,22
CCT5,22,22
CCT6A,22,22
CCT7,22,22
CCT8,22,22
PDCD5,22,22
PPP2CA,22,22
PPP2CB,22,22
PPP2R1A,22,22
PPP2R1B,22,22
PPP2R5D,22,22
SSSCA1,22,22
TCP1,22,22
TXNDC9,22,22
FGFR1OP,22,
IGBP1,22,
IGKC,22,
MSTO1,22,
PDCL,22,
RC3H2,22,
TUBD1,22,
WDR55,22,
ASNSD1,23,23
CD3EAP,23,23
CRCP,23,23
MAF1,23,23
PDRG1,23,23
PIH1D1,23,23
POLR1A,23,23
POLR1B,23,23
POLR1C,23,23
POLR1D,23,23
POLR1E,23,23
POLR2E,23,23
POLR2F,23,23
POLR2H,23,23
POLR2L,23,23
POLR3A,23,23
POLR3B,23,23
POLR3C,23,23
POLR3D,23,23
POLR3E,23,23
POLR3F,23,23
POLR3G,23,23
POLR3GL,23,23
POLR3H,23,23
POLR3K,23,23
RPAP3,23,23
TRMT1L,23,23
URI1,23,23
UXT,23,23
BDP1,23,
TWISTNB,23,
WDR92;DKFZP434B156,23,
ACTG1,24,24
CAP1,24,24
PFN1,24,24
PFN2,24,24
TWF2,24,24
FMN2,24,
FMNL2,24,
MTFR1,24,
CCNC,25,25
CDK19,25,25
CDK8,25,25
FBXL19,25,25
IXL;MED29,25,25
JMJD6,25,25
MED1,25,25
MED10,25,25
MED11,25,25
MED12;TNRC11,25,25
MED12L,25,25
MED13,25,25
MED14,25,25
MED15,25,25
MED16,25,25
MED17,25,25
MED19,25,25
MED20,25,25
MED21,25,25
MED22,25,25
MED23,25,25
MED24,25,25
MED25,25,25
MED26,25,25
MED27,25,25
MED28,25,25
MED29,25,25
MED30,25,25
MED31,25,25
MED4,25,25
MED6,25,25
MED7,25,25
MED8,25,25
MED9,25,25
MED13L,25,
PRDX1,25,
CBX1,26,
CBX3,26,
CSNK2A1;CSNK2A3,27,
MIF,27,
GOLGA2,28,26
GORASP2,28,26
TMED7-TICAM2;TMED7,28,26
TMED1,28,27
TMED10,28,27
TMED2,28,27
TMED4,28,27
TMED9,28,27
ATP2C1,28,
B4GAT1,28,
BLZF1,28,
GALNT2,28,
MAN1A1,28,
SEC22A,28,
SLC30A5,28,
SLC30A6,28,
STEAP3,28,
SURF4,28,
UBIAD1,28,
ZDHHC3,28,
CTDP1,29,28
GPN1,29,28
GPN2,29,28
GTF2B,29,28
GTF2F1,29,28
GTF2F2,29,28
METTL3,29,28
NELFA,29,28
POLR2A,29,28
POLR2B,29,28
POLR2C,29,28
POLR2D,29,28
POLR2G,29,28
POLR2I,29,28
POLR2J,29,28
POLR2J3;POLR2J;POLR2J2,29,28
RPAP1,29,28
CPSF3L,29,
GCOM1;GCOM2,29,
INTS12,29,
DNAJB4,30,
DNAJC9,30,
HSPA4,30,
HSPA8,30,
ESD,31,
HEATR3,31,
LONP1,31,
UQCRB,31,
DDB1,32,
RBX1,32,
CCDC101,33,29
EP400,33,29
ING3,33,29
KAT2A,33,29
KAT2B,33,29
MAX,33,29
MORF4L1,33,29
MYC,33,29
SUPT20H,33,29
SUPT3H,33,29
SUPT7L,33,29
TADA1,33,29
TADA2B,33,29
TADA3,33,29
TAF10,33,29
TAF12,33,29
TAF5L,33,29
TAF6L,33,29
TAF9,33,29
TRRAP,33,29
VPS72,33,29
NUTF2,34,30
RAN,34,30
RANBP1,34,30
RCC1,34,30
SUMO1,34,30
IPO4,34,
IPO9,34,
NUP155,34,
NUP205,34,
NUP35,34,
NUP37,34,
NUP54,34,
NUPL1,34,
NUPL2,34,
ABCE1,35,31
ASCC3,35,31
EIF3A,35,31
EIF3B,35,31
EIF3C,35,31
EIF3CL,35,31
EIF3D,35,31
EIF3E,35,31
EIF3F,35,31
EIF3G,35,31
EIF3H,35,31
EIF3I,35,31
EIF3J,35,31
EIF3K,35,31
EIF3L,35,31
EIF3M,35,31
EIF4G1,35,31
PABPC1;PABPC3,35,31
PDCD4,35,31
PRRC2A,35,31
RPS26;RPS26P11,35,31
C16ORF62,36,32
CCDC22,36,32
CCDC93,36,32
COMMD1,36,32
COMMD10,36,32
COMMD2,36,32
COMMD3-BMI1;COMMD3;BMI1,36,32
COMMD4,36,32
COMMD5,36,32
COMMD6,36,32
COMMD7,36,32
COMMD8,36,32
COMMD9,36,32
CWF19L2,36,32
DSCR3,36,32
FAM45A;FAM45B,36,32
RBMX2,36,32
VPS29,36,32
CPSF6,37,33
CPSF7,37,33
CRTAP,37,33
LEPRE1,37,33
NUDT21,37,33
RBM26,37,
SRPK2,37,
EMG1,38,
IPO5,38,
NOC4L,38,
NOP14,38,
ARHGAP19,39,
CALM2,39,
CALM3,39,
CAMKK1,39,
CEP290,39,
DDX55,39,
DMAP1,39,
MAP7D3,39,
PPP3CC,39,
RCAN1,39,
SCO1,39,
TIGD1,39,
ZNF536,39,
C14ORF166,40,34
DDX1,40,34
DDX39B,40,34
FAM98A,40,34
FAM98B,40,34
RTCB,40,34
API5,40,
AQR,40,
C17ORF85,40,
C19ORF47,40,
C2ORF49,40,
CDC40,40,
FYTTD1,40,
SARNP,40,
THOC1,40,
THOC7;NIF3L1BP1,40,
ZFC3H1,40,
ANAPC1,41,35
ANAPC10,41,35
ANAPC13,41,35
ANAPC16,41,35
ANAPC2,41,35
ANAPC4,41,35
ANAPC5,41,35
ANAPC7,41,35
BUB1B,41,35
CDC16,41,35
CDC20,41,35
CDC23,41,35
CDC26,41,35
CDC27,41,35
FZR1,41,35
NEK2,41,35
PYCR2,41,35
BUB3,41,
DEPDC1B,41,
FBXO5,41,
FHOD3,41,
KIF18A,41,
PYCR1,41,
BRK1,42,36
CYFIP1,42,36
CYFIP2,42,36
KIAA1522,42,36
NCKAP1,42,36
WASF1,42,36
WASF2,42,36
WASF3,42,36
ABI1,42,37
SLC1A3,42,37
ABI2,42,
ABL1,42,
CSNK1G3,42,
MECR,42,
NHSL1,42,
NHSL2,42,
ACTL6A,43,38
ARID1A,43,38
ARID1B,43,38
BCL7A,43,38
BRD9,43,38
DPF1,43,38
DPF2,43,38
SMARCA2,43,38
SMARCA4,43,38
SMARCB1,43,38
SMARCC1,43,38
SMARCC2,43,38
SMARCD1,43,38
SMARCD2,43,38
SMARCD3,43,38
SMARCE1,43,38
SS18,43,38
DPF3,43,
GLTSCR1,43,
SS18L1,43,
FKBP4,44,39
HSP90AA1,44,39
HSP90AB1,44,39
PTGES3,44,39
BRCA2,44,
PPP5C,44,
PTDSS2,44,
USP19,44,
ATL2,45,40
ATL3,45,40
CYB5B,45,41
ENDOD1,45,41
REEP5,45,41
RTN3,45,41
RTN4,45,41
ATL1,45,
LAMP1,46,42
RAB7A,46,42
SLC18B1,46,42
KIAA1524,46,
GTF3A,47,43
PUS7,47,43
SSB,47,43
ARHGDIA,48,44
RAC1,48,44
RHOA,48,44
RHOC,48,44
IQGAP2,48,
RAC3,48,
RAP1GDS1,48,
RHOG,48,
STRBP,48,
CEP170,49,45
KIF2A,49,45
MAP4,49,45
SSBP1,49,45
ACTR2,50,46
ACTR3,50,46
ARPC1A,50,46
ARPC1B,50,46
ARPC2,50,46
ARPC3,50,46
ARPC4-TTLL3;ARPC4,50,46
ARPC5,50,46
ARPC5L,50,46
USP22,50,46
ACTR3B,50,
ARL6IP6,50,
CHURC1;CHURC1-FNTB,50,
CRTC2,50,
MNDA,50,
ATP6AP1,51,47
ATP6AP2,51,47
ATP6V0A1,51,47
ATP6V0C,51,47
ATP6V0D1,51,47
ATP6V1A,51,47
ATP6V1B2,51,47
ATP6V1C1,51,47
ATP6V1D,51,47
ATP6V1E1,51,47
ATP6V1G1,51,47
ATP6V1H,51,47
RAB11B;RAB11A,51,47
VAMP7,51,47
WDR7,51,47
DMXL1,51,
DMXL2,51,
ROGDI,51,
SLC35F2,51,
BYSL,52,48
FAM207A,52,48
LTV1,52,48
NOB1,52,48
PNO1,52,48
RIOK2,52,48
RIOK3,52,48
RRP12,52,48
TSR1,52,48
UTP14A,52,48
DHX37,52,49
PARN,52,49
DDX10,52,
DIMT1,52,
FTSJ3,52,
USP16,52,
AAR2,53,50
CD2BP2,53,50
CSE1L,53,50
DDX23,53,50
EAPP,53,50
EFTUD2,53,50
PRPF4,53,50
PRPF6,53,50
PRPF8,53,50
SNRNP200,53,50
SNRNP40,53,50
TXNL4A,53,50
USP39,53,50
C9ORF78,53,
ECD,53,
CHTOP,54,51
LSM5,54,51
LSM7,54,51
PNN,54,51
PRPF3,54,51
PRPF4B,54,51
SART1,54,51
SNRNP40;DKFZP434D199,54,51
SNW1,54,51
ZC3H18,54,51
RBM6,54,
PDCD10,55,52
STK24,55,52
STK25,55,52
STK26,55,52
STRN,55,52
STRN3,55,52
STRN4,55,52
CTTNBP2,55,
FGFR1OP2,55,
GNG2,55,
PPP2CA;PPP2CB,55,
SIKE1,55,
SLMAP,55,
STRIP2,55,
HSPB11,56,53
IFT172,56,53
IFT20,56,53
IFT22,56,53
IFT27,56,53
IFT52,56,53
IFT74,56,53
IFT81,56,53
TTC26,56,53
TTC30A;TTC30B,56,53
C1QBP,57,54
DDX17,57,54
DDX21,57,54
DHX9,57,54
HNRNPAB,57,54
HNRNPR,57,54
SYNCRIP,57,54
YBX1,57,54
HNRNPC,57,55
HNRNPD,57,55
HNRNPK,57,55
HNRNPL,57,55
KHDRBS1,57,55
ADAR,57,
FAM120A,57,
IGF2BP2,57,
ZNF346,57,
MARK2,58,56
MARK3,58,56
PRPF40A,58,57
RBM25,58,57
MARK4,58,
PBK,58,
ATP6V1G1;ATP6V1G2-DDX39B;ATP6V1G2,59,58
NOP56,59,58
RAB11A,59,58
VIM,59,58
PTTG1IP,60,59
SNAP23,60,59
STX7,60,59
VAMP8,60,59
ATP6V1G2-DDX39B;ATP6V1G2;ATP6V1G1,60,60
VAMP3,60,60
GDI2,61,61
RAB14,61,61
RAB35,61,61
RAB4A,61,61
RAB5C,61,61
CHML,61,
CCNH,62,62
CDC7,62,62
CDK7,62,62
ERCC1,62,62
ERCC2,62,62
ERCC3,62,62
ERCC4,62,62
GTF2H1,62,62
GTF2H2C,62,62
GTF2H3,62,62
GTF2H4,62,62
GTF2H5,62,62
MNAT1,62,62
PREB,62,62
XPA,62,62
XPC,62,62
ERCC5-201;BIVM-ERCC5;ERCC5,62,
CISD2,63,
OSBP,63,
VAPB,63,
PCBP1,64,63
PCBP2,64,63
RBM39,64,63
TRAPPC1,65,64
TRAPPC10,65,64
TRAPPC11,65,64
TRAPPC12;CGI-87,65,64
TRAPPC13,65,64
TRAPPC2,65,64
TRAPPC2B;TRAPPC2,65,64
TRAPPC2L,65,64
TRAPPC3,65,64
TRAPPC4,65,64
TRAPPC5,65,64
TRAPPC6B,65,64
TRAPPC8,65,64
CAMSAP3,65,
TRAPPC9,65,
RAB1A,66,65
SCAMP3,66,65
PDCD6IP,66,66
RAB11FIP5,66,66
RAB21,66,66
SCAMP1,66,66
SCAMP2,66,66
TFRC,66,66
WDFY1,66,66
BET1L,67,67
GOSR1,67,67
GOSR2,67,67
NAPA,67,67
NSF,67,67
SCFD1,67,67
SEC22B,67,67
SFT2D3,67,67
STX5,67,67
ASNA1,67,
RNF25,67,
YKT6,67,
PRKACA,68,68
PRKAR1A,68,68
PRKAR2A,68,68
H2AFY,69,69
H2AFZ,69,69
H2AFZ;H2AFV,69,69
HIST1H1C,69,69
HIST1H4A,69,69
ACTB,70,70
CFL1,70,70
HIST1H2AJ;HIST1H2AH;HIST1H2AG;H2AFJ,70,70
TMSB10,70,70
BAG2,71,71
DNAJC7,71,71
HSPA5,71,71
TUBA1A;TUBA3E,71,71
DNAJB6,71,
IQSEC1;IQSEC2,71,
MLK4,71,
STUB1,71,
ACTR1A,72,72
DCTN1;DKFZP686E0752,72,72
DYNC1H1,72,72
DYNC1I2,72,72
DYNC1LI1,72,72
DYNC1LI2,72,72
DYNLRB1,72,72
DYNLT1,72,72
DYNLT3,72,72
MAPRE1,72,72
PAFAH1B1,72,72
ANAPC11,73,73
DDX46,73,73
RNF169,73,73
SLC3A2,73,73
SLC7A6,73,73
BSG,74,
SLC16A1,74,
ARL1,75,74
ARL3,75,74
KRAS,75,74
YWHAB,75,74
YWHAE,75,74
YWHAH,75,74
YWHAQ,75,74
YWHAZ,75,74
RRAS2,75,
BCAS2,76,75
CDC5L,76,75
CTNNBL1,76,75
CWC15,76,75
PLRG1,76,75
PRPF19,76,75
CRNKL1,76,
DNAJC17,76,
ISY1,76,
PPIE,76,
XAB2,76,
ZNF830,76,
NONO,77,76
RBM7,77,76
SFPQ,77,76
SKIV2L2,77,76
EXOSC10,77,
EXOSC2,77,
ZNF768,77,
DNTTIP1,78,
ELMSAN1,78,
PTMA,78,
RPS27A,78,
INPPL1,79,
TMSB4X,79,
CDC123,80,77
EIF2B1,80,77
EIF2B2,80,77
EIF2B3,80,77
EIF2S1,80,77
EIF2S2,80,77
EIF2S3,80,77
EIF2S3;EIF2S3L,80,77
EIF5,80,77
RPL26;RPL26L1,80,77
RPS27;RPS27L,80,77
CSNK1A1,81,
SEC16A,81,
GOLPH3,82,78
STX10,82,78
STX16,82,78
STX16;STX16-NPEPL1,82,78
STX6,82,78
STX8,82,78
VAMP4,82,78
VTI1A,82,78
VTI1B,82,78
KIAA1033,83,79
VPS26A,83,79
VPS26B,83,79
VPS35,83,79
WASH3P;WASH2P;WASH6P;WASH1;WASH4P,83,79
BRF1,84,80
BTAF1,84,80
GTF2A1,84,80
TAF5,84,80
TBP,84,80
CCAR1,85,81
U2AF1;U2AF1L4,85,81
U2AF2,85,81
RBM10,85,
BAP18;C17ORF49;RNASEK-C17ORF49,86,82
BAZ1A,86,82
BPTF,86,82
CECR2,86,82
CHRAC1,86,82
HMGXB4,86,82
POLE3,86,82
RSF1,86,82
SMARCA1,86,82
SMARCA5,86,82
IPO7,87,83
KPNA2,87,83
KPNA3,87,83
KPNB1,87,83
NUSAP1,87,
POM121,87,
POM121C,87,
GNA11,88,84
GNAI2;GNAI1;GNAO1,88,84
GNB1,88,84
GNG12,88,84
CETN2,89,85
CETN3,89,85
RAD23B,89,85
POC5,89,
SFI1,89,
IER3IP1,90,86
RAB1B,90,86
YIF1A,90,86
YIF1B,90,86
YIPF5,90,86
VDAC1,91,87
VDAC2,91,87
VDAC3,91,87
HK1,91,
HK2,91,
SNTB2,92,
UTRN,92,
MVB12A,93,88
MVB12B,93,88
TSG101,93,88
UBAP1,93,88
UMAD1,93,88
VPS28,93,88
VPS37A,93,88
VPS37B,93,88
CEP55,93,
10-Sep,94,89
11-Sep,94,89
2-Sep,94,89
3-Sep,94,89
5-Sep,94,89
6-Sep,94,89
7-Sep,94,89
8-Sep,94,89
9-Sep,94,89
CPVL,94,
RNF20,95,90
RNF40,95,90
WAC,95,90
RBM12,95,
NCBP1,96,91
PHAX,96,91
SRRT,96,91
YTHDF2,96,91
AP2A2,97,92
AP2M1,97,92
AP2S1,97,92
C15ORF57,97,92
HIST1H1B,97,92
NECAP2,97,92
BMP2K,97,
CNBP,97,
SMG1,97,
DDX20,98,93
GEMIN2,98,93
GEMIN4,98,93
GEMIN5,98,93
GEMIN6,98,93
GEMIN8,98,93
SMN1,98,93
SMN1;SMN2,98,93
POP1,99,94
POP7,99,94
RPP30,99,94
RPP40,99,94
TRIM39-RPP21;RPP21,99,94
ARMC8,100,95
GID4,100,95
GID8,100,95
MAEA,100,95
MKLN1,100,95
RANBP10,100,95
RANBP9,100,95
RMND5A,100,95
WDR26,100,95
IRS4,101,96
PIK3CB,101,96
PIK3R1,101,96
PIK3R2,101,96
WDR6,101,96
NISCH,101,
PIK3CA,101,
FXR2,102,
LSM14A,102,
LARP1,103,
PABPC4,103,
PAIP1,103,
LSM6,104,97
PRRC2C,104,97
RBM42,104,97
RPL36AL;RPL36A;RPL36A-HNRNPH2,104,97
SAP18,104,97
NHP2L1,105,98
NOP58,105,98
RUVBL1,105,98
RUVBL2,105,98
SLK,105,
ATF2,106,99
ATF7,106,99
JUN,106,99
GSK3A,107,100
GSK3B,107,100
GSKIP,107,100
PRUNE,107,100
AXIN1,107,
OGT,107,
EEF1A1;EEF1A1P5,108,101
EEF1B2,108,101
EEF1D,108,101
EEF1G,108,101
VARS,108,101
UPF1,109,
UPF2,109,
UBA52,110,
UBC;UBB;RPS27A;UBA52,110,
CYB5R3,111,102
GDAP1,111,102
PLGRKT,111,102
TIMM17B,111,102
TOMM20,111,102
TOMM20A,111,102
TOMM22,111,102
TOMM7,111,102
BNIP1,112,103
C19ORF25,112,103
RINT1,112,103
USE1,112,103
ZW10,112,103
NBAS,112,104
STX18,112,104
CCNT1,113,105
CDK13,113,105
CDK9,113,105
HEXIM1,113,105
LARP7,113,105
MEPCE,113,105
CCNT2,113,
PACSIN2,114,
RHOQ,114,
BLOC1S2,115,106
C10ORF32-ASMT;C10ORF32,115,106
LAMTOR2,115,106
LAMTOR3,115,106
LOH12CR1,115,106
PIP4P1,115,106
TMEM55B,115,106
FAM103A1,116,107
KPNA6,116,107
LMNA,116,107
RNMT,116,107
IGF2BP1,117,
IGF2BP3,117,
CASC5,118,108
DSN1,118,108
MIS12,118,108
NSL1,118,108
PMF1-BGLAP;PMF1,118,108
SPC25,118,108
DNAJC11,119,
MTX1,119,
ATXN2,120,109
ATXN2L,120,109
DDX6,120,109
FAM195B,120,109
NUFIP2,120,109
LSM12,120,
CKMT1A;CKMT1B,121,
CTCF,121,
COL4A3BP,122,
RPL38,122,
CLIP1,123,
PDE4DIP,123,
ARHGEF6,124,110
ARHGEF7,124,110
GIT1,124,110
GIT2,124,110
PAK1,124,110
PAK2,124,110
NCK2,124,
SCRIB,124,
ANKRD28,125,111
ANKRD52,125,111
ARHGEF2,125,111
PPP6C,125,111
PPP6R1,125,111
PPP6R2,125,111
PPP6R3,125,111
ANKRD44,125,
PDS5B,126,112
RAD21,126,112
SMC1A,126,112
SMC3,126,112
WAPAL,126,112
WAPL,126,112
CIRBP,127,113
LUC7L,127,113
TNPO3,127,113
SNX1,128,114
SNX2,128,114
SNX5,128,114
SNX6,128,114
DNAJB11,128,
SDF2L1,128,
MATR3,129,115
SAFB2,129,115
TOP1,129,115
RBMX,129,
HUS1,130,116
RAD1,130,116
RAD17,130,117
RAD9A,130,117
RFC2,130,
RFC5,130,
POMP,131,118
PSMG1,131,118
PSMG2,131,118
PSMG3,131,118
PSMG4,131,118
MELK,131,
NUP214,132,119
NUP62,132,119
NUP88,132,119
NUP93,132,119
AP2A1,133,120
AP2B1,133,120
EPS15L1,133,120
EPS15,133,121
FCHO2,133,121
ITSN1,133,
BTF3,134,
NACA,134,
BAIAP2,135,122
CAMK2D,135,122
CAMK2G,135,122
CARM1,135,122
CLASP2,136,
GCC2,136,
ACTN1,137,
ACTN4,137,
DHX15,138,123
RANBP2,138,123
SUGP1,138,123
RANBP3,139,124
UBE2I,139,124
XPO1,139,124
IPO8,140,
ZBTB10,140,
TJP1,141,
TJP2,141,
SEC13,142,
SEC31A,142,
FEN1,143,125
PCNA,143,125
RNASEH2A,143,125
RNASEH2B,143,125
RNASEH2C,143,125
RABGGTA,144,
RABGGTB,144,
FAM50A,145,
SPG21,145,
PRKAA1,146,126
PRKAB1,146,126
PRKAB2,146,126
PRKAG1,146,126
EFR3A,147,127
EFR3B,147,127
FAM126A,147,127
FAM126B,147,127
PI4KA,147,127
TTC7B,147,127
PFDN1,148,128
PFDN2,148,128
PFDN5,148,128
PFDN6,148,128
VBP1,148,128
NRBP1,149,129
TCEB2,149,129
TSC22D1,149,129
TSC22D2,149,129
EIF4E,150,130
PRMT5,150,130
TBL3,150,130
WDR3,150,130
WDR77,150,130
NCAPD2,151,131
NCAPG,151,131
NCAPH,151,131
SMC2,151,131
SMC4,151,131
EZR,152,
MSN,152,
RDX,152,
MSH2,153,
MSH6,153,
KIF5B,154,132
KIF5C,154,132
KLC1,154,132
KLC2,154,132
KLC4,154,132
KIF5A,154,
KLC3,154,
INTS14,155,
VWA9,155,
H1F0,156,133
MKI67,156,133
NAP1L4,156,133
DOCK7,157,134
LRCH1,157,134
LRCH3,157,134
POLDIP3,158,
RBM33,158,
CDH2,159,135
CTNNA1,159,135
CTNNB1,159,135
CTNND1,159,135
RCBTB2,160,136
ULK3,160,136
VRK3,160,136
PES1,161,137
RPL7L1,161,137
WDR12,161,137
OXSR1,162,138
WNK1,162,138
WNK2,162,138
WNK3,162,
TGFBRAP1,163,139
VPS11,163,139
VPS16,163,139
VPS18,163,139
VPS33A,163,139
VPS41,163,139
SLC6A15,164,140
STX12,164,140
VAMP2,164,140
VAMP3;VAMP2,164,140
SPTLC1,166,
SPTLC2,166,
ASUN,167,141
SUPT4H1,167,141
SUPT5H,167,141
SEM1,167,
C19ORF43,168,142
CHERP,168,142
ETF1,168,142
GPATCH11,168,142
RBM17,168,142
U2SURP,168,142
AAK1,169,143
RALBP1,169,143
REPS1,169,143
MYH10,170,144
MYL12A,170,144
MYL12A;MYL9,170,144
ANKRD39,171,145
FXR1,171,145
MED18,171,145
NCKAP5L,171,145
KSR1,172,
MAP2K1,172,
MAP2K2,172,
LDHA,173,
LDHB,173,
LDHC,173,
DNAJC2,174,
HSPA14,174,
GPS2,175,146
HDAC3,175,146
NCOR1,175,146
NCOR2,175,146
ANXA5,176,
FBL,176,
ALDH3A2,177,
CDS1,177,
CDS2,177,
DCP1A,178,147
DCP1B,178,147
EDC3,178,147
EDC4,178,147
BAG6,179,148
BAG6;BAT3,179,148
ERLIN2,179,148
GET4,179,148
RNF126,179,148
UBL4A,179,148
ARFIP1,180,
ARFIP2,180,
AGO1,181,149
AGO2,181,149
TNRC6A,181,149
TNRC6B,181,149
TNRC6C,181,149
ACTR5,182,150
INO80C,182,150
YY1,182,150
WASL,183,151
WIPF1,183,151
WIPF2,183,151
UBB,184,
UBB;UBC;RPS27A;UBA52,184,
HSPA1B;HSPA1A,185,
STIP1,185,
GYG1,186,152
GYG2,186,152
GYS1,186,152
SOX12,186,
SNX30,187,153
SNX4,187,153
SNX7,187,153
SHKBP1,188,
SNX27,188,
NFKBIA,189,154
REL,189,154
RELA,189,154
BLM,190,155
RMI1,190,155
RMI2,190,155
KAT6A;MYST3,191,156
OSTC,191,156
PICALM,191,156
NAPG,192,
UBE3B,192,
NFKB1,193,157
NFKB2,193,157
NFKBIB,193,157
RELB,193,
NFYA,194,
NXF1,194,
MAP3K7,195,158
TAB1,195,158
TAB2,195,158
TAB3,195,158
HGS,197,159
STAM,197,159
STAM2,197,159
IST1,197,
IMP3,198,160
IMP4,198,160
MPHOSPH10,198,160
UTP3,198,160
DIEXF,198,
ILK,199,161
LIMS1,199,161
PARVA,199,161
PARVB,199,161
RSU1,199,161
H2AFY2,200,162
HMGN2,200,162
NAA40,200,162
LAMP2,201,
TMEM192,201,
RING1,202,163
RNF2,202,163
RYBP,202,163
BOP1,203,
WIZ,203,
DYNC2H1,204,164
DYNC2LI1,204,164
TCTEX1D2,204,164
DKC1,205,165
GAR1,205,165
NAF1,205,165
NOP10,205,165
CERS6,206,
TMEM57,206,
ATG14,207,166
BECN1,207,166
NRBF2,207,166
PIK3C3,207,166
PIK3R4,207,166
ATG101,208,167
RB1CC1,208,167
ULK1,208,167
ARL6IP1,209,
RABAC1,209,
ARL14EP,210,168
ATF7IP,210,168
SETDB1,210,168
SNAP29,210,168
ARF4,211,169
LMAN2,211,169
WBP11,211,169
NCLN,212,170
NOMO1,212,170
NOMO3,212,170
CIRH1A,213,171
NOL11,213,171
UTP4,213,171
WDR43,213,171
CHD3,214,172
TAF1,214,172
TAF4,214,172
TAF9B,214,172
STK11,215,
STRADA,215,
PRRC1,216,173
SEC23A,216,173
SEC24C,216,173
SEC24D,216,173
ARAF,217,
RAF1,217,
LLGL1,218,174
PARD6B,218,174
PRKCI,218,174
BRD7,219,175
PBRM1,219,175
PHF10,219,175
STK32C,219,175
PDCD6,221,
SEC23IP,221,
ALDH1A1,222,
PI4K2A,222,
FAM109A,223,
OCRL,223,
ATP5H,224,
NVL,224,
NOL10,225,176
SRI,225,176
ZNF644,225,176
MYO1E,226,
OSTF1,226,
MTOR,227,177
RPTOR,227,177
VMP1,227,177
MAPK14,228,178
MAPKAPK2,228,178
MAPKAPK3,228,178
MAPK11,228,
LZTS2,229,
RANGAP1,229,
ITPR1,231,
ITPR3,231,
DNAJB1,232,
HSPH1,232,
FARP1,233,
SDC3,233,
HOMER1,234,
HOMER2,234,
ALYREF,235,
TNPO1,235,
CHP1,237,
GPAT3,237,
NUP107,238,180
NUP133,238,180
NUP85,238,180
NUP98,238,180
RPL29,239,
DNAJC13,240,
FKBP15,240,
CTPS1,241,
CTPS2,241,
CSNK1E,242,
CSNK1E;CSNK1D,242,
CKAP2,243,
KIF22,243,
CCNB1,244,
STOM,244,
CD81,245,
CD9,245,
PTGFRN,245,
AMOT,246,181
CD151,246,181
ITGA6,246,181
PHKA1,247,182
PHKB,247,182
PHKG2,247,182
CALM2;CALM3;CALM1,248,
CAMK1,248,
MYO1B,248,
MYO1C,248,
ATP6V1F,249,
C9ORF16,249,
ATP6V0A2,250,183
TMEM199,250,183
VMA21,250,183
ATP1A1,251,
ATP1B3,251,
ATG12,252,
ATG5,252,
ALDH16A1,253,
DERA,253,
AAMP,254,
SUB1,254,
ITPRIP,255,184
TTK,255,184
VPS8,255,184
KIAA0226,256,185
KIAA0226L,256,185
UVRAG,256,185
USP1,257,
WDR48,257,
TOLLIP,258,
TOM1L1,258,
STIM1,259,
STIM2,259,
CDCA5,260,186
STAG1,260,186
STAG1;DKFZP781D1416,260,186
SRPRA,261,
SRPRB,261,
SNF8,262,187
VPS25,262,187
VPS36,262,187
PDS5A,263,
STAG2,263,
NDRG1,264,188
NEFM,264,188
SLC7A5,264,188
CLCN7,265,189
OSTM1,265,189
SLC15A4,265,189
SAE1,266,
UBA2,266,
RPS6KB2,267,
TMA16,267,
GPN3,268,
RPAP2,268,
RBSN,269,
VPS45,269,
RAB13,271,
RAB1B;RAB1C,271,
RABIF,271,
PRKD1,272,190
PRKD2,272,190
PRKD3,272,190
PDCD11,273,
PKN2,273,
OSBPL11,274,
OSBPL9,274,
HEATR1,275,
WDR75,275,
CAD,276,191
MRTO4,276,191
RPL37A,276,191
MAP2K4,277,
MAPK8,277,
MAPK9,277,
LNP,278,
LNPK,278,
LMAN1,279,
MCFD2,279,
CDC37,280,
LIMK2,280,
ANP32A,281,
KPNA1,281,
CIAPIN1,282,
IPO13,282,
INTS3,283,192
INTS9,283,192
NELFB,283,192
AGPAT6,284,
GPAT4,284,
SLC35E1,285,
TM9SF3,285,
ABT1,287,193
DDX47,287,193
ESF1,287,193
CHUK,289,194
IKBKB,289,194
IKBKG,289,194
CDK4,290,
CDKN2C,290,
CDK11B,291,195
CDK11B;CDK11A,291,195
SAP30BP,291,195
C18ORF8,292,196
CCZ1B,292,196
CCZ1B;CCZ1,292,196
HNRNPDL,293,
HNRNPU,293,
ARFGEF1,294,
DPY30,294,
PRKDC,295,197
XRCC5,295,197
XRCC6,295,197
ESYT1,296,
ESYT2,296,
ARL2,297,198
ARL2-SNX15;ARL2,297,198
TBCD,297,198
AKAP10,298,
ARFGEF2,298,
ANXA11,299,
PRDX3,299,
AGAP1,300,
AGAP3,300,
TANC1,300,