ensg_id,target_name,annotation_name,annotation_grade
ENSG00000127837,AAMP,cytoplasmic,3
ENSG00000127837,AAMP,nucleoplasm,1
ENSG00000275700,AATF,nucleolus_gc,3
ENSG00000164163,ABCE1,cytoplasmic,3
ENSG00000164163,ABCE1,vesicles,2
ENSG00000164163,ABCE1,nucleoplasm,1
ENSG00000159842,ABR,cytoplasmic,3
ENSG00000159842,ABR,vesicles,2
ENSG00000114331,ACAP2,cytoplasmic,3
ENSG00000131584,ACAP3,cytoplasmic,3
ENSG00000131584,ACAP3,big_aggregates,2
ENSG00000131584,ACAP3,mitochondria,2
ENSG00000131473,ACLY,cytoplasmic,3
ENSG00000131473,ACLY,nucleoplasm,2
ENSG00000075624,ACTB,cytoskeleton,3
ENSG00000075624,ACTB,membrane,3
ENSG00000075624,ACTB,cytoplasmic,2
ENSG00000184009,ACTG1,cytoskeleton,3
ENSG00000184009,ACTG1,membrane,3
ENSG00000184009,ACTG1,cytoplasmic,1
ENSG00000072110,ACTN1,cytoskeleton,3
ENSG00000072110,ACTN1,membrane,3
ENSG00000130402,ACTN4,cytoskeleton,3
ENSG00000130402,ACTN4,membrane,3
ENSG00000138071,ACTR2,membrane,3
ENSG00000138071,ACTR2,vesicles,2
ENSG00000138071,ACTR2,cytoplasmic,1
ENSG00000101442,ACTR5,nucleoplasm,3
ENSG00000101442,ACTR5,chromatin,2
ENSG00000157985,AGAP1,cytoplasmic,3
ENSG00000157985,AGAP1,cell_contact,2
ENSG00000157985,AGAP1,membrane,2
ENSG00000133612,AGAP3,cell_contact,3
ENSG00000133612,AGAP3,cytoplasmic,3
ENSG00000133612,AGAP3,nucleoplasm,3
ENSG00000092847,AGO1,cytoplasmic,3
ENSG00000123908,AGO2,cytoplasmic,3
ENSG00000123908,AGO2,big_aggregates,2
ENSG00000169692,AGPAT2,er,3
ENSG00000169692,AGPAT2,vesicles,2
ENSG00000177674,AGTRAP,golgi,3
ENSG00000177674,AGTRAP,vesicles,3
ENSG00000177674,AGTRAP,focal_adhesions,1
ENSG00000101444,AHCY,cytoplasmic,3
ENSG00000101444,AHCY,nucleoplasm,3
ENSG00000100591,AHSA1,cytoplasmic,3
ENSG00000100591,AHSA1,nucleoplasm,3
ENSG00000131016,AKAP12,membrane,3
ENSG00000131016,AKAP12,big_aggregates,2
ENSG00000131016,AKAP12,cytoplasmic,2
ENSG00000170776,AKAP13,cytoplasmic,3
ENSG00000011243,AKAP8L,chromatin,3
ENSG00000011243,AKAP8L,nuclear_punctae,2
ENSG00000117448,AKR1A1,big_aggregates,3
ENSG00000117448,AKR1A1,cytoplasmic,3
ENSG00000142208,AKT1,cytoplasmic,3
ENSG00000142208,AKT1,membrane,3
ENSG00000142208,AKT1,nucleoplasm,3
ENSG00000142208,AKT1,vesicles,2
ENSG00000142208,AKT1,cell_contact,1
ENSG00000204673,AKT1S1,cytoplasmic,3
ENSG00000105221,AKT2,membrane,3
ENSG00000105221,AKT2,cytoplasmic,2
ENSG00000105221,AKT2,nucleoplasm,2
ENSG00000105221,AKT2,vesicles,1
ENSG00000170017,ALCAM,cell_contact,3
ENSG00000170017,ALCAM,membrane,3
ENSG00000161618,ALDH16A1,cytoplasmic,3
ENSG00000161618,ALDH16A1,vesicles,3
ENSG00000143149,ALDH9A1,cytoplasmic,3
ENSG00000143149,ALDH9A1,nucleoplasm,3
ENSG00000119523,ALG2,er,3
ENSG00000110497,AMBRA1,nucleoplasm,3
ENSG00000110497,AMBRA1,cytoplasmic,2
ENSG00000141552,ANAPC11,cytoplasmic,3
ENSG00000141552,ANAPC11,nucleoplasm,3
ENSG00000166295,ANAPC16,cytoplasmic,3
ENSG00000166295,ANAPC16,nucleoplasm,3
ENSG00000166295,ANAPC16,cytoskeleton,1
ENSG00000176248,ANAPC2,cytoplasmic,3
ENSG00000176248,ANAPC2,nucleoplasm,3
ENSG00000053900,ANAPC4,cytoplasmic,3
ENSG00000053900,ANAPC4,nucleoplasm,3
ENSG00000053900,ANAPC4,cytoskeleton,2
ENSG00000053900,ANAPC4,big_aggregates,1
ENSG00000088448,ANKRD10,nucleoplasm,3
ENSG00000167522,ANKRD11,nucleoplasm,3
ENSG00000167522,ANKRD11,cytoplasmic,1
ENSG00000076513,ANKRD13A,cytoplasmic,3
ENSG00000076513,ANKRD13A,vesicles,2
ENSG00000118454,ANKRD13C,er,3
ENSG00000118454,ANKRD13C,cytoplasmic,1
ENSG00000118454,ANKRD13C,nucleoplasm,1
ENSG00000132466,ANKRD17,cytoplasmic,3
ENSG00000132466,ANKRD17,nucleoplasm,1
ENSG00000105186,ANKRD27,vesicles,3
ENSG00000206560,ANKRD28,cytoplasmic,3
ENSG00000213337,ANKRD39,cytoplasmic,3
ENSG00000213337,ANKRD39,nucleoplasm,3
ENSG00000154945,ANKRD40,golgi,3
ENSG00000154945,ANKRD40,cytoplasmic,1
ENSG00000154945,ANKRD40,vesicles,1
ENSG00000186106,ANKRD46,er,3
ENSG00000186106,ANKRD46,vesicles,1
ENSG00000139645,ANKRD52,cytoplasmic,3
ENSG00000139645,ANKRD52,nucleoplasm,1
ENSG00000100124,ANKRD54,nucleoplasm,3
ENSG00000100124,ANKRD54,nuclear_punctae,2
ENSG00000163516,ANKZF1,cytoplasmic,3
ENSG00000122359,ANXA11,cytoplasmic,3
ENSG00000122359,ANXA11,nucleoplasm,3
ENSG00000122359,ANXA11,nuclear_punctae,2
ENSG00000006125,AP2B1,membrane,3
ENSG00000006125,AP2B1,vesicles,2
ENSG00000042753,AP2S1,membrane,3
ENSG00000042753,AP2S1,cytoplasmic,1
ENSG00000134982,APC,membrane,3
ENSG00000134982,APC,cytoplasmic,2
ENSG00000134982,APC,centrosome,1
ENSG00000157500,APPL1,vesicles,3
ENSG00000157500,APPL1,cytoplasmic,2
ENSG00000136044,APPL2,cytoplasmic,3
ENSG00000136044,APPL2,vesicles,1
ENSG00000078061,ARAF,cytoplasmic,3
ENSG00000143761,ARF1,golgi,3
ENSG00000143761,ARF1,cytoplasmic,1
ENSG00000134287,ARF3,cytoplasmic,3
ENSG00000134287,ARF3,golgi,3
ENSG00000134287,ARF3,nucleoplasm,3
ENSG00000134287,ARF3,vesicles,3
ENSG00000168374,ARF4,er,3
ENSG00000168374,ARF4,golgi,1
ENSG00000004059,ARF5,er,3
ENSG00000004059,ARF5,nucleoplasm,1
ENSG00000165527,ARF6,membrane,3
ENSG00000165527,ARF6,cytoplasmic,2
ENSG00000101199,ARFGAP1,golgi,3
ENSG00000101199,ARFGAP1,cytoplasmic,2
ENSG00000101199,ARFGAP1,vesicles,1
ENSG00000149182,ARFGAP2,golgi,3
ENSG00000149182,ARFGAP2,vesicles,3
ENSG00000149182,ARFGAP2,cytoplasmic,1
ENSG00000242247,ARFGAP3,golgi,3
ENSG00000066777,ARFGEF1,golgi,3
ENSG00000066777,ARFGEF1,vesicles,3
ENSG00000066777,ARFGEF1,cytoplasmic,2
ENSG00000124198,ARFGEF2,big_aggregates,3
ENSG00000124198,ARFGEF2,golgi,3
ENSG00000124198,ARFGEF2,cytoplasmic,1
ENSG00000164144,ARFIP1,golgi,3
ENSG00000164144,ARFIP1,cytoplasmic,1
ENSG00000164144,ARFIP1,vesicles,1
ENSG00000132254,ARFIP2,golgi,3
ENSG00000132254,ARFIP2,cytoplasmic,2
ENSG00000132254,ARFIP2,nucleoplasm,1
ENSG00000175220,ARHGAP1,er,3
ENSG00000175220,ARHGAP1,golgi,3
ENSG00000175220,ARHGAP1,vesicles,3
ENSG00000175220,ARHGAP1,cytoplasmic,1
ENSG00000198826,ARHGAP11A,chromatin,3
ENSG00000198826,ARHGAP11A,nucleoplasm,2
ENSG00000140750,ARHGAP17,cytoplasmic,3
ENSG00000140750,ARHGAP17,membrane,3
ENSG00000107863,ARHGAP21,membrane,3
ENSG00000107863,ARHGAP21,big_aggregates,2
ENSG00000107863,ARHGAP21,cell_contact,2
ENSG00000107863,ARHGAP21,cytoplasmic,2
ENSG00000160007,ARHGAP35,cytoplasmic,3
ENSG00000160007,ARHGAP35,membrane,2
ENSG00000160007,ARHGAP35,nucleoplasm,1
ENSG00000241484,ARHGAP8,vesicles,3
ENSG00000241484,ARHGAP8,cytoplasmic,2
ENSG00000241484,ARHGAP8,golgi,1
ENSG00000196914,ARHGEF12,cytoplasmic,3
ENSG00000196914,ARHGEF12,membrane,2
ENSG00000104880,ARHGEF18,cytoplasmic,3
ENSG00000102606,ARHGEF7,focal_adhesions,3
ENSG00000102606,ARHGEF7,cytoplasmic,2
ENSG00000117713,ARID1A,nucleoplasm,3
ENSG00000117713,ARID1A,chromatin,2
ENSG00000049618,ARID1B,nucleoplasm,3
ENSG00000120805,ARL1,golgi,3
ENSG00000120805,ARL1,cytoplasmic,1
ENSG00000169379,ARL13B,centrosome,3
ENSG00000152219,ARL14EP,nuclear_punctae,3
ENSG00000152219,ARL14EP,chromatin,2
ENSG00000152219,ARL14EP,membrane,2
ENSG00000152219,ARL14EP,nucleoplasm,2
ENSG00000213465,ARL2,cytoplasmic,3
ENSG00000213465,ARL2,nucleoplasm,3
ENSG00000213465,ARL2,big_aggregates,2
ENSG00000102931,ARL2BP,cytoplasmic,3
ENSG00000102931,ARL2BP,nucleoplasm,3
ENSG00000138175,ARL3,cytoplasmic,3
ENSG00000138175,ARL3,nucleoplasm,3
ENSG00000113966,ARL6,cytoplasmic,3
ENSG00000113966,ARL6,nucleoplasm,3
ENSG00000113966,ARL6,vesicles,2
ENSG00000170540,ARL6IP1,er,3
ENSG00000182196,ARL6IP4,nuclear_punctae,3
ENSG00000182196,ARL6IP4,nucleolus_gc,3
ENSG00000182196,ARL6IP4,nucleoplasm,3
ENSG00000144746,ARL6IP5,er,3
ENSG00000177917,ARL6IP6,nuclear_membrane,3
ENSG00000177917,ARL6IP6,big_aggregates,2
ENSG00000143862,ARL8A,cytoplasmic,3
ENSG00000143862,ARL8A,nucleoplasm,3
ENSG00000143862,ARL8A,vesicles,3
ENSG00000134108,ARL8B,vesicles,3
ENSG00000163466,ARPC2,cytoplasmic,3
ENSG00000163466,ARPC2,membrane,3
ENSG00000163466,ARPC2,vesicles,3
ENSG00000111229,ARPC3,membrane,3
ENSG00000111229,ARPC3,vesicles,3
ENSG00000111229,ARPC3,cytoplasmic,2
ENSG00000111229,ARPC3,nucleoplasm,1
ENSG00000130707,ASS1,cytoplasmic,3
ENSG00000130707,ASS1,nucleoplasm,2
ENSG00000123395,ATG101,cytoplasmic,3
ENSG00000123395,ATG101,vesicles,3
ENSG00000123395,ATG101,nucleoplasm,1
ENSG00000145782,ATG12,cytoplasmic,3
ENSG00000145782,ATG12,vesicles,2
ENSG00000145782,ATG12,nucleoplasm,1
ENSG00000175224,ATG13,cytoplasmic,3
ENSG00000175224,ATG13,vesicles,3
ENSG00000175224,ATG13,nucleoplasm,2
ENSG00000126775,ATG14,vesicles,3
ENSG00000126775,ATG14,cytoplasmic,2
ENSG00000110046,ATG2A,vesicles,3
ENSG00000110046,ATG2A,cytoplasmic,2
ENSG00000066739,ATG2B,vesicles,3
ENSG00000066739,ATG2B,cytoplasmic,2
ENSG00000144848,ATG3,cytoplasmic,3
ENSG00000144848,ATG3,big_aggregates,1
ENSG00000168397,ATG4B,cytoplasmic,3
ENSG00000168397,ATG4B,nucleoplasm,3
ENSG00000197548,ATG7,cytoplasmic,3
ENSG00000198925,ATG9A,vesicles,3
ENSG00000198925,ATG9A,golgi,2
ENSG00000119787,ATL2,er,3
ENSG00000184743,ATL3,er,3
ENSG00000149311,ATM,nucleoplasm,3
ENSG00000149311,ATM,nuclear_punctae,1
ENSG00000163399,ATP1A1,vesicles,3
ENSG00000163399,ATP1A1,membrane,2
ENSG00000070961,ATP2B1,membrane,3
ENSG00000070961,ATP2B1,vesicles,1
ENSG00000071553,ATP6AP1,vesicles,3
ENSG00000071553,ATP6AP1,golgi,2
ENSG00000182220,ATP6AP2,vesicles,3
ENSG00000182220,ATP6AP2,golgi,2
ENSG00000033627,ATP6V0A1,vesicles,3
ENSG00000185344,ATP6V0A2,golgi,3
ENSG00000185344,ATP6V0A2,er,2
ENSG00000159720,ATP6V0D1,vesicles,3
ENSG00000114573,ATP6V1A,vesicles,3
ENSG00000147416,ATP6V1B2,vesicles,3
ENSG00000100554,ATP6V1D,cytoplasmic,3
ENSG00000100554,ATP6V1D,nucleoplasm,2
ENSG00000100554,ATP6V1D,vesicles,2
ENSG00000131100,ATP6V1E1,cytoplasmic,3
ENSG00000131100,ATP6V1E1,nucleoplasm,3
ENSG00000131100,ATP6V1E1,golgi,1
ENSG00000128524,ATP6V1F,cytoplasmic,3
ENSG00000128524,ATP6V1F,nucleoplasm,3
ENSG00000128524,ATP6V1F,vesicles,2
ENSG00000136888,ATP6V1G1,cytoplasmic,3
ENSG00000136888,ATP6V1G1,vesicles,3
ENSG00000136888,ATP6V1G1,nucleoplasm,1
ENSG00000047249,ATP6V1H,vesicles,3
ENSG00000047249,ATP6V1H,cytoplasmic,2
ENSG00000130638,ATXN10,cytoplasmic,3
ENSG00000130638,ATXN10,nucleoplasm,2
ENSG00000168488,ATXN2L,cytoplasmic,3
ENSG00000066427,ATXN3,cytoplasmic,3
ENSG00000066427,ATXN3,nucleoplasm,3
ENSG00000066427,ATXN3,big_aggregates,2
ENSG00000178999,AURKB,chromatin,3
ENSG00000156735,BAG4,nucleoplasm,3
ENSG00000156735,BAG4,nucleolus_fc_dfc,2
ENSG00000204463,BAG6,cytoplasmic,3
ENSG00000204463,BAG6,nucleoplasm,3
ENSG00000175866,BAIAP2,cell_contact,3
ENSG00000175866,BAIAP2,membrane,3
ENSG00000175866,BAIAP2,cytoplasmic,2
ENSG00000006453,BAIAP2L1,cell_contact,3
ENSG00000006453,BAIAP2L1,membrane,3
ENSG00000006453,BAIAP2L1,cytoplasmic,2
ENSG00000175334,BANF1,nuclear_membrane,3
ENSG00000175334,BANF1,chromatin,2
ENSG00000175334,BANF1,nucleoplasm,2
ENSG00000198604,BAZ1A,chromatin,3
ENSG00000009954,BAZ1B,chromatin,3
ENSG00000185825,BCAP31,er,3
ENSG00000050820,BCAR1,cytoplasmic,3
ENSG00000050820,BCAR1,focal_adhesions,1
ENSG00000050820,BCAR1,vesicles,1
ENSG00000126581,BECN1,cytoplasmic,3
ENSG00000126581,BECN1,vesicles,3
ENSG00000105829,BET1,vesicles,3
ENSG00000177951,BET1L,vesicles,3
ENSG00000136717,BIN1,focal_adhesions,3
ENSG00000136717,BIN1,cell_contact,2
ENSG00000136717,BIN1,cytoplasmic,2
ENSG00000136717,BIN1,membrane,2
ENSG00000147439,BIN3,cytoplasmic,3
ENSG00000197299,BLM,nuclear_punctae,3
ENSG00000197299,BLM,nucleolus_gc,1
ENSG00000197299,BLM,nucleoplasm,1
ENSG00000106605,BLVRA,cytoplasmic,3
ENSG00000106605,BLVRA,nucleoplasm,3
ENSG00000090013,BLVRB,cytoplasmic,3
ENSG00000090013,BLVRB,nucleoplasm,3
ENSG00000165733,BMS1,nucleolus_gc,3
ENSG00000113734,BNIP1,er,3
ENSG00000261236,BOP1,nucleolus_gc,3
ENSG00000162813,BPNT1,cytoplasmic,3
ENSG00000162813,BPNT1,nucleoplasm,3
ENSG00000204256,BRD2,nucleoplasm,3
ENSG00000204256,BRD2,nuclear_punctae,2
ENSG00000169925,BRD3,nucleoplasm,3
ENSG00000141867,BRD4,nucleoplasm,3
ENSG00000141867,BRD4,nuclear_punctae,2
ENSG00000145741,BTF3,cytoplasmic,3
ENSG00000169679,BUB1,cytoplasmic,3
ENSG00000169679,BUB1,nucleoplasm,3
ENSG00000156970,BUB1B,cytoplasmic,3
ENSG00000071462,BUD23,nucleolus_gc,3
ENSG00000071462,BUD23,cytoplasmic,1
ENSG00000112578,BYSL,nucleolus_gc,3
ENSG00000112578,BYSL,cytoplasmic,2
ENSG00000112578,BYSL,nucleoplasm,1
ENSG00000111678,C12orf57,cytoplasmic,3
ENSG00000111678,C12orf57,nucleoplasm,3
ENSG00000111678,C12orf57,membrane,2
ENSG00000179933,C14orf119,cytoplasmic,3
ENSG00000179933,C14orf119,nucleoplasm,2
ENSG00000141428,C18orf21,nucleolus_gc,3
ENSG00000141428,C18orf21,nuclear_punctae,1
ENSG00000104979,C19orf53,nucleolus_gc,3
ENSG00000104979,C19orf53,nucleoplasm,3
ENSG00000174749,C4orf32,er,3
ENSG00000146540,C7orf50,nucleolus_gc,3
ENSG00000146540,C7orf50,nucleoplasm,2
ENSG00000146540,C7orf50,chromatin,1
ENSG00000182307,C8orf33,cytoplasmic,3
ENSG00000182307,C8orf33,nucleolus_gc,3
ENSG00000182307,C8orf33,nucleoplasm,2
ENSG00000171159,C9orf16,cytoplasmic,3
ENSG00000171159,C9orf16,nucleoplasm,3
ENSG00000136819,C9orf78,nucleoplasm,3
ENSG00000084774,CAD,cytoplasmic,3
ENSG00000122786,CALD1,cytoskeleton,3
ENSG00000122786,CALD1,cytoplasmic,1
ENSG00000198668,CALM1,cell_contact,3
ENSG00000198668,CALM1,centrosome,3
ENSG00000198668,CALM1,cytoplasmic,3
ENSG00000198668,CALM1,nucleoplasm,3
ENSG00000198668,CALM1,membrane,1
ENSG00000143933,CALM2,centrosome,3
ENSG00000143933,CALM2,membrane,3
ENSG00000143933,CALM2,cytoplasmic,2
ENSG00000143933,CALM2,nucleoplasm,2
ENSG00000143933,CALM2,cell_contact,1
ENSG00000160014,CALM3,centrosome,3
ENSG00000160014,CALM3,membrane,3
ENSG00000160014,CALM3,cytoplasmic,2
ENSG00000160014,CALM3,nucleoplasm,2
ENSG00000134072,CAMK1,cytoplasmic,3
ENSG00000134072,CAMK1,nucleoplasm,1
ENSG00000148660,CAMK2G,cytoplasmic,3
ENSG00000148660,CAMK2G,nucleoplasm,1
ENSG00000127022,CANX,er,3
ENSG00000135387,CAPRIN1,cytoplasmic,3
ENSG00000135387,CAPRIN1,nucleoplasm,1
ENSG00000077549,CAPZB,cytoplasmic,3
ENSG00000077549,CAPZB,membrane,3
ENSG00000077549,CAPZB,vesicles,3
ENSG00000077549,CAPZB,nucleoplasm,1
ENSG00000106144,CASP2,nucleoplasm,3
ENSG00000164305,CASP3,cytoplasmic,3
ENSG00000164305,CASP3,nucleoplasm,2
ENSG00000138794,CASP6,cytoplasmic,3
ENSG00000138794,CASP6,nucleoplasm,3
ENSG00000165806,CASP7,cytoplasmic,3
ENSG00000165806,CASP7,nucleoplasm,3
ENSG00000165806,CASP7,big_aggregates,2
ENSG00000108468,CBX1,nuclear_punctae,3
ENSG00000108468,CBX1,chromatin,1
ENSG00000108468,CBX1,nucleoplasm,1
ENSG00000060339,CCAR1,nuclear_punctae,3
ENSG00000060339,CCAR1,nucleoplasm,3
ENSG00000101997,CCDC22,vesicles,3
ENSG00000108588,CCDC47,er,3
ENSG00000110104,CCDC86,nucleolus_gc,3
ENSG00000110104,CCDC86,nucleoplasm,1
ENSG00000125633,CCDC93,vesicles,3
ENSG00000134057,CCNB1,cytoplasmic,3
ENSG00000134057,CCNB1,cytoskeleton,2
ENSG00000166226,CCT2,cytoplasmic,3
ENSG00000166226,CCT2,nucleoplasm,3
ENSG00000163468,CCT3,cytoplasmic,3
ENSG00000163468,CCT3,nucleoplasm,2
ENSG00000115484,CCT4,cytoplasmic,3
ENSG00000115484,CCT4,nucleoplasm,2
ENSG00000150753,CCT5,cytoplasmic,3
ENSG00000150753,CCT5,nucleoplasm,2
ENSG00000146731,CCT6A,cytoplasmic,3
ENSG00000146731,CCT6A,nucleoplasm,2
ENSG00000135624,CCT7,cytoplasmic,3
ENSG00000135624,CCT7,nucleoplasm,3
ENSG00000135624,CCT7,big_aggregates,1
ENSG00000156261,CCT8,cytoplasmic,3
ENSG00000156261,CCT8,nucleoplasm,3
ENSG00000146574,CCZ1B,cytoplasmic,3
ENSG00000146574,CCZ1B,nucleoplasm,3
ENSG00000146574,CCZ1B,vesicles,2
ENSG00000177697,CD151,membrane,3
ENSG00000177697,CD151,vesicles,3
ENSG00000169217,CD2BP2,nucleoplasm,3
ENSG00000169217,CD2BP2,nuclear_punctae,2
ENSG00000135404,CD63,vesicles,3
ENSG00000110651,CD81,membrane,3
ENSG00000110651,CD81,vesicles,3
ENSG00000110651,CD81,cell_contact,2
ENSG00000010278,CD9,membrane,3
ENSG00000010278,CD9,vesicles,3
ENSG00000130177,CDC16,cytoplasmic,3
ENSG00000130177,CDC16,nucleoplasm,3
ENSG00000130177,CDC16,cytoskeleton,2
ENSG00000117399,CDC20,nucleoplasm,3
ENSG00000117399,CDC20,cytoplasmic,1
ENSG00000117399,CDC20,nuclear_punctae,1
ENSG00000094880,CDC23,cytoskeleton,3
ENSG00000094880,CDC23,cytoplasmic,2
ENSG00000094880,CDC23,nucleoplasm,2
ENSG00000176386,CDC26,cytoplasmic,3
ENSG00000176386,CDC26,nucleoplasm,3
ENSG00000004897,CDC27,cytoplasmic,3
ENSG00000004897,CDC27,nucleoplasm,3
ENSG00000105401,CDC37,cytoplasmic,3
ENSG00000105401,CDC37,nucleoplasm,2
ENSG00000070831,CDC42,cytoplasmic,3
ENSG00000070831,CDC42,membrane,3
ENSG00000070831,CDC42,cytoskeleton,1
ENSG00000070831,CDC42,nucleoplasm,1
ENSG00000198752,CDC42BPB,membrane,3
ENSG00000198752,CDC42BPB,nucleoplasm,1
ENSG00000097046,CDC7,nucleoplasm,3
ENSG00000097046,CDC7,nuclear_punctae,2
ENSG00000097046,CDC7,nucleolus_fc_dfc,1
ENSG00000170558,CDH2,cell_contact,3
ENSG00000170558,CDH2,membrane,3
ENSG00000103502,CDIPT,er,3
ENSG00000103502,CDIPT,vesicles,3
ENSG00000103502,CDIPT,golgi,2
ENSG00000170312,CDK1,centrosome,3
ENSG00000170312,CDK1,cytoplasmic,3
ENSG00000170312,CDK1,nucleoplasm,3
ENSG00000170312,CDK1,cytoskeleton,2
ENSG00000248333,CDK11B,nucleoplasm,3
ENSG00000248333,CDK11B,chromatin,2
ENSG00000167258,CDK12,nucleoplasm,3
ENSG00000167258,CDK12,chromatin,2
ENSG00000167258,CDK12,nuclear_punctae,2
ENSG00000065883,CDK13,chromatin,2
ENSG00000065883,CDK13,nucleoplasm,2
ENSG00000123374,CDK2,nucleoplasm,3
ENSG00000123374,CDK2,cytoplasmic,1
ENSG00000123374,CDK2,nuclear_punctae,1
ENSG00000135446,CDK4,cytoplasmic,3
ENSG00000135446,CDK4,nucleoplasm,3
ENSG00000164885,CDK5,cytoplasmic,3
ENSG00000164885,CDK5,nucleoplasm,3
ENSG00000134058,CDK7,nucleoplasm,3
ENSG00000134058,CDK7,nuclear_punctae,2
ENSG00000134058,CDK7,nucleolus_fc_dfc,1
ENSG00000136807,CDK9,nucleoplasm,3
ENSG00000147889,CDKN2A,cytoplasmic,3
ENSG00000147889,CDKN2A,nucleoplasm,3
ENSG00000163624,CDS1,er,3
ENSG00000101290,CDS2,er,3
ENSG00000101290,CDS2,vesicles,3
ENSG00000115163,CENPA,nuclear_punctae,3
ENSG00000115163,CENPA,nucleolus_gc,1
ENSG00000100162,CENPM,nuclear_punctae,3
ENSG00000203760,CENPW,nuclear_punctae,3
ENSG00000141577,CEP131,centrosome,3
ENSG00000174799,CEP135,centrosome,3
ENSG00000110274,CEP164,centrosome,3
ENSG00000143702,CEP170,centrosome,3
ENSG00000143702,CEP170,cytoskeleton,2
ENSG00000101639,CEP192,centrosome,3
ENSG00000126001,CEP250,centrosome,3
ENSG00000135837,CEP350,centrosome,3
ENSG00000135837,CEP350,cytoskeleton,1
ENSG00000112877,CEP72,centrosome,3
ENSG00000148019,CEP78,centrosome,3
ENSG00000148019,CEP78,cytoplasmic,2
ENSG00000130695,CEP85,centrosome,3
ENSG00000130695,CEP85,cytoplasmic,1
ENSG00000134255,CEPT1,er,3
ENSG00000134255,CEPT1,vesicles,3
ENSG00000139624,CERS5,er,3
ENSG00000172292,CERS6,er,3
ENSG00000113163,CERT1,golgi,3
ENSG00000113163,CERT1,cytoplasmic,2
ENSG00000113163,CERT1,nucleoplasm,1
ENSG00000147400,CETN2,centrosome,3
ENSG00000147400,CETN2,chromatin,2
ENSG00000147400,CETN2,cytoplasmic,2
ENSG00000147400,CETN2,nucleoplasm,1
ENSG00000153140,CETN3,centrosome,3
ENSG00000153140,CETN3,cytoskeleton,2
ENSG00000153140,CETN3,cytoplasmic,1
ENSG00000153140,CETN3,nucleoplasm,1
ENSG00000159079,CFAP298,cytoplasmic,3
ENSG00000159079,CFAP298,nucleoplasm,3
ENSG00000149554,CHEK1,nucleoplasm,3
ENSG00000149554,CHEK1,cytoplasmic,1
ENSG00000183765,CHEK2,nucleoplasm,3
ENSG00000188419,CHM,cytoplasmic,3
ENSG00000188419,CHM,nucleoplasm,2
ENSG00000188419,CHM,vesicles,2
ENSG00000131165,CHMP1A,vesicles,3
ENSG00000131165,CHMP1A,nuclear_punctae,2
ENSG00000130724,CHMP2A,cytoplasmic,3
ENSG00000130724,CHMP2A,nucleoplasm,3
ENSG00000130724,CHMP2A,vesicles,1
ENSG00000083937,CHMP2B,cytoplasmic,3
ENSG00000083937,CHMP2B,vesicles,1
ENSG00000115561,CHMP3,vesicles,3
ENSG00000254505,CHMP4A,vesicles,3
ENSG00000254505,CHMP4A,cytoplasmic,2
ENSG00000254505,CHMP4A,nucleoplasm,2
ENSG00000101421,CHMP4B,vesicles,3
ENSG00000176108,CHMP6,membrane,3
ENSG00000176108,CHMP6,vesicles,3
ENSG00000176108,CHMP6,er,2
ENSG00000147457,CHMP7,cytoplasmic,3
ENSG00000147457,CHMP7,vesicles,2
ENSG00000147457,CHMP7,er,1
ENSG00000128656,CHN1,cytoplasmic,3
ENSG00000128656,CHN1,nucleoplasm,3
ENSG00000128656,CHN1,big_aggregates,1
ENSG00000111666,CHPT1,cytoplasmic,3
ENSG00000111666,CHPT1,nucleoplasm,3
ENSG00000213341,CHUK,cytoplasmic,3
ENSG00000213341,CHUK,nucleoplasm,2
ENSG00000136108,CKAP2,centrosome,3
ENSG00000136108,CKAP2,cytoskeleton,3
ENSG00000169607,CKAP2L,centrosome,3
ENSG00000169607,CKAP2L,cytoskeleton,3
ENSG00000169607,CKAP2L,cytoplasmic,2
ENSG00000169607,CKAP2L,nucleoplasm,2
ENSG00000169607,CKAP2L,nuclear_membrane,1
ENSG00000136026,CKAP4,er,3
ENSG00000175216,CKAP5,centrosome,3
ENSG00000175216,CKAP5,cytoplasmic,3
ENSG00000175216,CKAP5,cytoskeleton,1
ENSG00000166165,CKB,cytoplasmic,3
ENSG00000166165,CKB,nucleoplasm,3
ENSG00000074054,CLASP1,centrosome,3
ENSG00000074054,CLASP1,cytoskeleton,3
ENSG00000074054,CLASP1,cytoplasmic,2
ENSG00000163539,CLASP2,cytoskeleton,3
ENSG00000163539,CLASP2,golgi,3
ENSG00000163539,CLASP2,cytoplasmic,2
ENSG00000103249,CLCN7,vesicles,3
ENSG00000113282,CLINT1,vesicles,3
ENSG00000113282,CLINT1,golgi,2
ENSG00000130779,CLIP1,cytoplasmic,3
ENSG00000130779,CLIP1,cytoskeleton,3
ENSG00000130779,CLIP1,membrane,2
ENSG00000176444,CLK2,nuclear_punctae,3
ENSG00000176444,CLK2,chromatin,2
ENSG00000176444,CLK2,nucleoplasm,2
ENSG00000179335,CLK3,chromatin,3
ENSG00000179335,CLK3,nucleoplasm,3
ENSG00000074201,CLNS1A,cytoplasmic,3
ENSG00000074201,CLNS1A,nucleoplasm,3
ENSG00000074201,CLNS1A,nuclear_punctae,2
ENSG00000104853,CLPTM1,er,3
ENSG00000104853,CLPTM1,vesicles,2
ENSG00000122705,CLTA,vesicles,3
ENSG00000122705,CLTA,cytoplasmic,2
ENSG00000122705,CLTA,golgi,2
ENSG00000122705,CLTA,membrane,2
ENSG00000175416,CLTB,vesicles,3
ENSG00000175416,CLTB,cytoplasmic,2
ENSG00000175416,CLTB,golgi,2
ENSG00000175416,CLTB,membrane,2
ENSG00000141367,CLTC,vesicles,3
ENSG00000141367,CLTC,cytoplasmic,2
ENSG00000141367,CLTC,golgi,1
ENSG00000141367,CLTC,membrane,1
ENSG00000169714,CNBP,cytoplasmic,3
ENSG00000169714,CNBP,nucleoplasm,3
ENSG00000064666,CNN2,cytoskeleton,3
ENSG00000064666,CNN2,cytoplasmic,2
ENSG00000064666,CNN2,membrane,2
ENSG00000064666,CNN2,nucleoplasm,2
ENSG00000121058,COIL,nuclear_punctae,3
ENSG00000121058,COIL,nucleoplasm,2
ENSG00000173163,COMMD1,vesicles,3
ENSG00000173163,COMMD1,cytoplasmic,1
ENSG00000114744,COMMD2,vesicles,3
ENSG00000114744,COMMD2,cytoplasmic,1
ENSG00000140365,COMMD4,vesicles,3
ENSG00000140365,COMMD4,cytoplasmic,1
ENSG00000188243,COMMD6,vesicles,3
ENSG00000122218,COPA,golgi,3
ENSG00000122218,COPA,vesicles,3
ENSG00000122218,COPA,cytoplasmic,1
ENSG00000184432,COPB2,golgi,3
ENSG00000105669,COPE,golgi,3
ENSG00000105669,COPE,vesicles,3
ENSG00000105669,COPE,cytoplasmic,1
ENSG00000181789,COPG1,golgi,3
ENSG00000181789,COPG1,vesicles,2
ENSG00000181789,COPG1,cytoplasmic,1
ENSG00000158623,COPG2,golgi,3
ENSG00000158623,COPG2,vesicles,2
ENSG00000158623,COPG2,cytoplasmic,1
ENSG00000111481,COPZ1,golgi,3
ENSG00000111481,COPZ1,vesicles,3
ENSG00000111481,COPZ1,cytoplasmic,1
ENSG00000172725,CORO1B,membrane,3
ENSG00000172725,CORO1B,vesicles,2
ENSG00000110880,CORO1C,membrane,3
ENSG00000110880,CORO1C,vesicles,3
ENSG00000110880,CORO1C,cytoplasmic,1
ENSG00000111605,CPSF6,nucleoplasm,3
ENSG00000111605,CPSF6,nuclear_punctae,1
ENSG00000124207,CSE1L,nucleoplasm,2
ENSG00000103653,CSK,cytoplasmic,3
ENSG00000103653,CSK,focal_adhesions,2
ENSG00000113712,CSNK1A1,centrosome,3
ENSG00000113712,CSNK1A1,cytoplasmic,3
ENSG00000113712,CSNK1A1,nucleoplasm,3
ENSG00000113712,CSNK1A1,membrane,2
ENSG00000113712,CSNK1A1,cell_contact,1
ENSG00000141551,CSNK1D,centrosome,3
ENSG00000141551,CSNK1D,cytoplasmic,1
ENSG00000141551,CSNK1D,membrane,1
ENSG00000141551,CSNK1D,nucleoplasm,1
ENSG00000213923,CSNK1E,centrosome,3
ENSG00000213923,CSNK1E,cytoplasmic,2
ENSG00000213923,CSNK1E,nucleoplasm,2
ENSG00000151292,CSNK1G3,cytoplasmic,3
ENSG00000151292,CSNK1G3,membrane,3
ENSG00000101266,CSNK2A1,big_aggregates,3
ENSG00000101266,CSNK2A1,cytoplasmic,3
ENSG00000101266,CSNK2A1,nuclear_punctae,3
ENSG00000101266,CSNK2A1,nucleoplasm,3
ENSG00000070770,CSNK2A2,big_aggregates,3
ENSG00000070770,CSNK2A2,cytoplasmic,3
ENSG00000070770,CSNK2A2,nuclear_punctae,3
ENSG00000070770,CSNK2A2,nucleoplasm,3
ENSG00000204435,CSNK2B,nuclear_punctae,3
ENSG00000204435,CSNK2B,nucleoplasm,3
ENSG00000204435,CSNK2B,membrane,2
ENSG00000159692,CTBP1,nucleoplasm,3
ENSG00000159692,CTBP1,chromatin,2
ENSG00000175029,CTBP2,nucleoplasm,3
ENSG00000175029,CTBP2,nuclear_punctae,2
ENSG00000102974,CTCF,nucleoplasm,3
ENSG00000102974,CTCF,chromatin,2
ENSG00000168036,CTNNB1,membrane,3
ENSG00000168036,CTNNB1,vesicles,2
ENSG00000132792,CTNNBL1,chromatin,3
ENSG00000171793,CTPS1,cytoplasmic,3
ENSG00000171793,CTPS1,vesicles,2
ENSG00000085733,CTTN,big_aggregates,3
ENSG00000085733,CTTN,cell_contact,3
ENSG00000085733,CTTN,membrane,3
ENSG00000085733,CTTN,cytoplasmic,1
ENSG00000119929,CUTC,nucleoplasm,3
ENSG00000100243,CYB5R3,er,3
ENSG00000100243,CYB5R3,vesicles,1
ENSG00000001630,CYP51A1,er,3
ENSG00000162384,CZIB,cytoplasmic,3
ENSG00000162384,CZIB,nucleoplasm,3
ENSG00000129562,DAD1,er,3
ENSG00000167657,DAPK3,centrosome,3
ENSG00000167657,DAPK3,cytoskeleton,3
ENSG00000167657,DAPK3,membrane,3
ENSG00000167657,DAPK3,cytoplasmic,1
ENSG00000003249,DBNDD1,cytoplasmic,3
ENSG00000136279,DBNL,vesicles,3
ENSG00000136279,DBNL,cell_contact,2
ENSG00000136279,DBNL,membrane,2
ENSG00000272886,DCP1A,vesicles,3
ENSG00000272886,DCP1A,cytoplasmic,1
ENSG00000151065,DCP1B,vesicles,3
ENSG00000172795,DCP2,vesicles,3
ENSG00000175203,DCTN2,centrosome,3
ENSG00000175203,DCTN2,cytoplasmic,3
ENSG00000175203,DCTN2,cytoskeleton,2
ENSG00000167986,DDB1,nucleoplasm,3
ENSG00000167986,DDB1,cytoplasmic,1
ENSG00000244038,DDOST,er,3
ENSG00000165732,DDX21,nucleolus_gc,3
ENSG00000198563,DDX39B,chromatin,3
ENSG00000213782,DDX47,nucleolus_gc,3
ENSG00000213782,DDX47,nucleoplasm,1
ENSG00000108654,DDX5,chromatin,3
ENSG00000108654,DDX5,nucleoplasm,3
ENSG00000108654,DDX5,nucleolus_gc,2
ENSG00000136271,DDX56,nucleolus_gc,3
ENSG00000136271,DDX56,cytoplasmic,1
ENSG00000110367,DDX6,big_aggregates,3
ENSG00000143753,DEGS1,er,3
ENSG00000143753,DEGS1,vesicles,3
ENSG00000035499,DEPDC1B,membrane,3
ENSG00000035499,DEPDC1B,cytoplasmic,2
ENSG00000116133,DHCR24,vesicles,3
ENSG00000116133,DHCR24,er,2
ENSG00000150990,DHX37,nucleolus_gc,3
ENSG00000150990,DHX37,nucleoplasm,1
ENSG00000135829,DHX9,chromatin,3
ENSG00000135829,DHX9,nuclear_punctae,2
ENSG00000135829,DHX9,nucleoplasm,2
ENSG00000131504,DIAPH1,cytoplasmic,3
ENSG00000131504,DIAPH1,nucleoplasm,1
ENSG00000130826,DKC1,nucleolus_fc_dfc,3
ENSG00000086061,DNAJA1,cytoplasmic,3
ENSG00000086061,DNAJA1,nucleoplasm,3
ENSG00000069345,DNAJA2,cytoplasmic,3
ENSG00000069345,DNAJA2,nucleoplasm,3
ENSG00000132002,DNAJB1,nucleoplasm,3
ENSG00000132002,DNAJB1,cytoplasmic,2
ENSG00000135924,DNAJB2,big_aggregates,3
ENSG00000135924,DNAJB2,cytoplasmic,2
ENSG00000135924,DNAJB2,nucleoplasm,1
ENSG00000162616,DNAJB4,cytoplasmic,3
ENSG00000162616,DNAJB4,nucleoplasm,3
ENSG00000105993,DNAJB6,cytoplasmic,3
ENSG00000105993,DNAJB6,nuclear_punctae,3
ENSG00000105993,DNAJB6,nucleoplasm,3
ENSG00000007923,DNAJC11,mitochondria,3
ENSG00000138246,DNAJC13,vesicles,3
ENSG00000138246,DNAJC13,cytoplasmic,1
ENSG00000104129,DNAJC17,nucleoplasm,3
ENSG00000170464,DNAJC18,er,3
ENSG00000170464,DNAJC18,big_aggregates,1
ENSG00000105821,DNAJC2,cytoplasmic,3
ENSG00000170946,DNAJC24,cytoplasmic,3
ENSG00000170946,DNAJC24,nucleoplasm,2
ENSG00000101152,DNAJC5,cytoplasmic,3
ENSG00000101152,DNAJC5,vesicles,3
ENSG00000101152,DNAJC5,membrane,2
ENSG00000101152,DNAJC5,nucleoplasm,1
ENSG00000168259,DNAJC7,cytoplasmic,3
ENSG00000168259,DNAJC7,nucleoplasm,3
ENSG00000168259,DNAJC7,big_aggregates,2
ENSG00000126698,DNAJC8,nucleoplasm,3
ENSG00000213551,DNAJC9,nucleoplasm,3
ENSG00000213551,DNAJC9,cytoplasmic,1
ENSG00000106976,DNM1,cytoplasmic,3
ENSG00000106976,DNM1,vesicles,1
ENSG00000087470,DNM1L,vesicles,3
ENSG00000087470,DNM1L,cytoplasmic,1
ENSG00000079805,DNM2,cytoplasmic,3
ENSG00000079805,DNM2,membrane,3
ENSG00000079805,DNM2,cell_contact,1
ENSG00000079805,DNM2,vesicles,1
ENSG00000101457,DNTTIP1,nucleoplasm,3
ENSG00000101457,DNTTIP1,chromatin,1
ENSG00000147251,DOCK11,cytoplasmic,3
ENSG00000147251,DOCK11,big_aggregates,1
ENSG00000116641,DOCK7,cytoplasmic,3
ENSG00000116641,DOCK7,membrane,3
ENSG00000116641,DOCK7,cell_contact,2
ENSG00000132768,DPH2,cytoplasmic,3
ENSG00000132768,DPH2,nucleoplasm,3
ENSG00000132768,DPH2,vesicles,2
ENSG00000185721,DRG1,cytoplasmic,3
ENSG00000197102,DYNC1H1,centrosome,3
ENSG00000197102,DYNC1H1,cytoplasmic,3
ENSG00000077380,DYNC1I2,cytoplasmic,3
ENSG00000077380,DYNC1I2,cytoskeleton,3
ENSG00000077380,DYNC1I2,centrosome,2
ENSG00000144635,DYNC1LI1,cytoplasmic,3
ENSG00000144635,DYNC1LI1,centrosome,2
ENSG00000144635,DYNC1LI1,cytoskeleton,1
ENSG00000135720,DYNC1LI2,cytoplasmic,3
ENSG00000135720,DYNC1LI2,centrosome,2
ENSG00000135720,DYNC1LI2,nucleoplasm,2
ENSG00000138036,DYNC2LI1,centrosome,3
ENSG00000138036,DYNC2LI1,cytoplasmic,3
ENSG00000138036,DYNC2LI1,nucleoplasm,2
ENSG00000088986,DYNLL1,nuclear_punctae,3
ENSG00000088986,DYNLL1,nucleoplasm,3
ENSG00000088986,DYNLL1,cytoplasmic,2
ENSG00000088986,DYNLL1,cytoskeleton,2
ENSG00000264364,DYNLL2,centrosome,3
ENSG00000264364,DYNLL2,nuclear_punctae,3
ENSG00000264364,DYNLL2,cell_contact,2
ENSG00000264364,DYNLL2,cytoplasmic,2
ENSG00000264364,DYNLL2,nucleoplasm,2
ENSG00000264364,DYNLL2,cytoskeleton,1
ENSG00000117395,EBNA1BP2,nucleolus_gc,3
ENSG00000147155,EBP,vesicles,3
ENSG00000147155,EBP,er,2
ENSG00000136813,ECPAS,cytoplasmic,3
ENSG00000136813,ECPAS,nucleoplasm,1
ENSG00000114346,ECT2,cytoplasmic,3
ENSG00000114346,ECT2,nucleolus_gc,2
ENSG00000114346,ECT2,nucleoplasm,2
ENSG00000179151,EDC3,cytoplasmic,3
ENSG00000179151,EDC3,vesicles,3
ENSG00000179151,EDC3,nucleoplasm,1
ENSG00000038358,EDC4,vesicles,3
ENSG00000038358,EDC4,cytoplasmic,1
ENSG00000107223,EDF1,cytoplasmic,3
ENSG00000107223,EDF1,nucleolus_gc,3
ENSG00000107223,EDF1,nucleoplasm,2
ENSG00000102189,EEA1,vesicles,3
ENSG00000102189,EEA1,cytoplasmic,1
ENSG00000254772,EEF1G,cytoplasmic,3
ENSG00000254772,EEF1G,er,1
ENSG00000254772,EEF1G,nucleoplasm,1
ENSG00000108883,EFTUD2,chromatin,3
ENSG00000108883,EFTUD2,nuclear_punctae,2
ENSG00000055332,EIF2AK2,cytoplasmic,3
ENSG00000055332,EIF2AK2,nucleolus_gc,1
ENSG00000130741,EIF2S3,cytoplasmic,3
ENSG00000106263,EIF3B,cytoplasmic,3
ENSG00000104408,EIF3E,cytoplasmic,3
ENSG00000130811,EIF3G,cytoplasmic,3
ENSG00000084623,EIF3I,cytoplasmic,3
ENSG00000084623,EIF3I,nucleoplasm,1
ENSG00000178982,EIF3K,cytoplasmic,3
ENSG00000178982,EIF3K,nucleoplasm,1
ENSG00000149100,EIF3M,cytoplasmic,3
ENSG00000149100,EIF3M,nucleoplasm,1
ENSG00000161960,EIF4A1,cytoplasmic,3
ENSG00000141543,EIF4A3,chromatin,3
ENSG00000141543,EIF4A3,nucleoplasm,3
ENSG00000100664,EIF5,cytoplasmic,3
ENSG00000066322,ELOVL1,vesicles,3
ENSG00000012660,ELOVL5,vesicles,3
ENSG00000170522,ELOVL6,vesicles,3
ENSG00000170522,ELOVL6,er,2
ENSG00000127463,EMC1,er,3
ENSG00000161671,EMC10,er,3
ENSG00000104412,EMC2,er,3
ENSG00000125037,EMC3,er,3
ENSG00000128463,EMC4,er,3
ENSG00000134153,EMC7,er,3
ENSG00000131148,EMC8,er,3
ENSG00000100908,EMC9,er,3
ENSG00000126749,EMG1,nucleolus_gc,3
ENSG00000126749,EMG1,nucleoplasm,1
ENSG00000074800,ENO1,cytoplasmic,3
ENSG00000074800,ENO1,nucleoplasm,3
ENSG00000120533,ENY2,nuclear_membrane,3
ENSG00000120533,ENY2,nuclear_punctae,3
ENSG00000120533,ENY2,nucleoplasm,3
ENSG00000063245,EPN1,cytoplasmic,3
ENSG00000063245,EPN1,membrane,3
ENSG00000072134,EPN2,cytoplasmic,3
ENSG00000072134,EPN2,vesicles,2
ENSG00000072134,EPN2,membrane,1
ENSG00000085832,EPS15,cell_contact,3
ENSG00000085832,EPS15,membrane,3
ENSG00000085832,EPS15,cytoplasmic,1
ENSG00000133935,ERG28,vesicles,3
ENSG00000133935,ERG28,er,1
ENSG00000117419,ERI3,cytoplasmic,3
ENSG00000117419,ERI3,nucleoplasm,3
ENSG00000139684,ESD,cytoplasmic,3
ENSG00000139684,ESD,nucleoplasm,3
ENSG00000139641,ESYT1,er,3
ENSG00000139641,ESYT1,membrane,3
ENSG00000182944,EWSR1,nuclear_punctae,3
ENSG00000182944,EWSR1,nucleoplasm,3
ENSG00000182944,EWSR1,nucleolus_fc_dfc,1
ENSG00000092820,EZR,membrane,3
ENSG00000138439,FAM117B,centrosome,3
ENSG00000138439,FAM117B,cytoplasmic,3
ENSG00000138439,FAM117B,nucleoplasm,3
ENSG00000048828,FAM120A,cytoplasmic,3
ENSG00000048828,FAM120A,nucleoplasm,1
ENSG00000228300,FAM174C,golgi,3
ENSG00000228300,FAM174C,vesicles,3
ENSG00000160256,FAM207A,nucleolus_gc,3
ENSG00000160256,FAM207A,nucleoplasm,2
ENSG00000160256,FAM207A,cytoplasmic,1
ENSG00000071859,FAM50A,nucleoplasm,3
ENSG00000145945,FAM50B,nucleoplasm,3
ENSG00000145945,FAM50B,nucleolus_gc,1
ENSG00000187741,FANCA,cytoplasmic,3
ENSG00000187741,FANCA,nucleoplasm,3
ENSG00000187741,FANCA,nuclear_punctae,2
ENSG00000152767,FARP1,membrane,3
ENSG00000152767,FARP1,cytoplasmic,1
ENSG00000169710,FASN,cytoplasmic,3
ENSG00000169710,FASN,nucleoplasm,1
ENSG00000149806,FAU,cytoplasmic,3
ENSG00000149806,FAU,nucleolus_gc,1
ENSG00000105202,FBL,nucleolus_fc_dfc,3
ENSG00000137478,FCHSD2,cytoplasmic,3
ENSG00000137478,FCHSD2,membrane,2
ENSG00000137478,FCHSD2,cell_contact,1
ENSG00000160752,FDPS,cytoplasmic,3
ENSG00000160752,FDPS,nucleoplasm,3
ENSG00000096060,FKBP5,nucleoplasm,3
ENSG00000105701,FKBP8,mitochondria,3
ENSG00000105701,FKBP8,cytoplasmic,2
ENSG00000187239,FNBP1,cell_contact,3
ENSG00000187239,FNBP1,membrane,3
ENSG00000187239,FNBP1,cytoplasmic,1
ENSG00000137942,FNBP1L,cell_contact,3
ENSG00000137942,FNBP1L,cytoplasmic,3
ENSG00000137942,FNBP1L,membrane,3
ENSG00000167996,FTH1,vesicles,3
ENSG00000114416,FXR1,cytoplasmic,3
ENSG00000129245,FXR2,cytoplasmic,3
ENSG00000010810,FYN,membrane,3
ENSG00000010810,FYN,vesicles,1
ENSG00000145907,G3BP1,cytoplasmic,3
ENSG00000145907,G3BP1,nucleoplasm,3
ENSG00000138757,G3BP2,cytoplasmic,3
ENSG00000138757,G3BP2,nucleoplasm,1
ENSG00000160211,G6PD,cytoplasmic,3
ENSG00000160211,G6PD,vesicles,3
ENSG00000178950,GAK,vesicles,3
ENSG00000178950,GAK,cytoplasmic,2
ENSG00000178950,GAK,golgi,2
ENSG00000111640,GAPDH,cytoplasmic,3
ENSG00000111640,GAPDH,nucleoplasm,2
ENSG00000109534,GAR1,nucleolus_fc_dfc,3
ENSG00000157259,GATAD1,nucleoplasm,3
ENSG00000157259,GATAD1,chromatin,2
ENSG00000107862,GBF1,golgi,3
ENSG00000107862,GBF1,cytoplasmic,2
ENSG00000107862,GBF1,vesicles,1
ENSG00000203879,GDI1,cytoplasmic,3
ENSG00000203879,GDI1,nucleoplasm,1
ENSG00000057608,GDI2,cytoplasmic,3
ENSG00000057608,GDI2,vesicles,2
ENSG00000057608,GDI2,nucleoplasm,1
ENSG00000239857,GET4,cytoplasmic,3
ENSG00000239857,GET4,nucleoplasm,3
ENSG00000152904,GGPS1,cytoplasmic,3
ENSG00000152904,GGPS1,nucleoplasm,1
ENSG00000152661,GJA1,cell_contact,3
ENSG00000152661,GJA1,vesicles,1
ENSG00000135821,GLUL,cytoplasmic,3
ENSG00000135821,GLUL,nucleoplasm,2
ENSG00000078369,GNB1,membrane,3
ENSG00000078369,GNB1,vesicles,3
ENSG00000078369,GNB1,er,1
ENSG00000134697,GNL2,nucleolus_gc,3
ENSG00000163938,GNL3,nucleolus_gc,3
ENSG00000167110,GOLGA2,golgi,3
ENSG00000147533,GOLGA7,membrane,3
ENSG00000147533,GOLGA7,vesicles,3
ENSG00000111711,GOLT1B,golgi,3
ENSG00000111711,GOLT1B,er,2
ENSG00000111711,GOLT1B,vesicles,2
ENSG00000115806,GORASP2,golgi,3
ENSG00000108587,GOSR1,vesicles,3
ENSG00000108433,GOSR2,vesicles,3
ENSG00000108433,GOSR2,golgi,2
ENSG00000138678,GPAT3,er,3
ENSG00000158669,GPAT4,er,3
ENSG00000158669,GPAT4,vesicles,1
ENSG00000148358,GPR107,golgi,3
ENSG00000148358,GPR107,vesicles,3
ENSG00000177885,GRB2,cytoplasmic,3
ENSG00000177885,GRB2,nucleoplasm,3
ENSG00000173020,GRK2,cytoplasmic,3
ENSG00000105723,GSK3A,cytoplasmic,3
ENSG00000105723,GSK3A,vesicles,2
ENSG00000082701,GSK3B,cytoplasmic,3
ENSG00000082701,GSK3B,nucleoplasm,1
ENSG00000103342,GSPT1,cytoplasmic,3
ENSG00000084207,GSTP1,cytoplasmic,3
ENSG00000084207,GSTP1,nucleoplasm,3
ENSG00000125651,GTF2F1,nucleolus_gc,3
ENSG00000125651,GTF2F1,nucleoplasm,3
ENSG00000107937,GTPBP4,nucleolus_gc,3
ENSG00000163754,GYG1,cytoplasmic,3
ENSG00000056998,GYG2,cytoplasmic,3
ENSG00000104812,GYS1,cytoplasmic,3
ENSG00000189060,H1-0,nucleoplasm,3
ENSG00000189060,H1-0,chromatin,2
ENSG00000164032,H2AZ1,chromatin,3
ENSG00000164032,H2AZ1,nucleoplasm,2
ENSG00000184678,H2BC21,chromatin,3
ENSG00000116478,HDAC1,nucleoplasm,3
ENSG00000116478,HDAC1,chromatin,2
ENSG00000196591,HDAC2,nucleoplasm,3
ENSG00000196591,HDAC2,chromatin,2
ENSG00000171720,HDAC3,nucleoplasm,3
ENSG00000171720,HDAC3,chromatin,2
ENSG00000155393,HEATR3,nucleoplasm,3
ENSG00000155393,HEATR3,cytoplasmic,2
ENSG00000185359,HGS,cytoplasmic,3
ENSG00000185359,HGS,vesicles,3
ENSG00000127946,HIP1,cytoplasmic,3
ENSG00000127946,HIP1,membrane,2
ENSG00000127946,HIP1,vesicles,1
ENSG00000206503,HLA-A,membrane,3
ENSG00000206503,HLA-A,vesicles,3
ENSG00000137309,HMGA1,chromatin,3
ENSG00000137309,HMGA1,nucleoplasm,3
ENSG00000137309,HMGA1,nucleolus_gc,1
ENSG00000164104,HMGB2,nucleoplasm,3
ENSG00000164104,HMGB2,chromatin,2
ENSG00000112972,HMGCS1,cytoplasmic,3
ENSG00000112972,HMGCS1,nucleoplasm,3
ENSG00000198830,HMGN2,chromatin,3
ENSG00000198830,HMGN2,nucleoplasm,2
ENSG00000198157,HMGN5,chromatin,3
ENSG00000198157,HMGN5,nucleoplasm,3
ENSG00000177733,HNRNPA0,nucleoplasm,3
ENSG00000092199,HNRNPC,nucleoplasm,3
ENSG00000092199,HNRNPC,chromatin,2
ENSG00000138668,HNRNPD,nucleoplasm,3
ENSG00000138668,HNRNPD,chromatin,2
ENSG00000169045,HNRNPH1,chromatin,3
ENSG00000169045,HNRNPH1,nucleoplasm,2
ENSG00000104824,HNRNPL,nucleoplasm,3
ENSG00000104824,HNRNPL,nuclear_punctae,2
ENSG00000153187,HNRNPU,nucleoplasm,3
ENSG00000153187,HNRNPU,chromatin,2
ENSG00000152413,HOMER1,cell_contact,3
ENSG00000152413,HOMER1,centrosome,2
ENSG00000152413,HOMER1,cytoplasmic,1
ENSG00000152413,HOMER1,nucleoplasm,1
ENSG00000185122,HSF1,nucleoplasm,3
ENSG00000185122,HSF1,nuclear_punctae,2
ENSG00000080824,HSP90AA1,cytoplasmic,3
ENSG00000080824,HSP90AA1,nucleoplasm,3
ENSG00000096384,HSP90AB1,cytoplasmic,3
ENSG00000096384,HSP90AB1,nucleoplasm,3
ENSG00000165868,HSPA12A,membrane,3
ENSG00000165868,HSPA12A,cell_contact,2
ENSG00000165868,HSPA12A,cytoplasmic,1
ENSG00000165868,HSPA12A,nucleoplasm,1
ENSG00000187522,HSPA14,cytoplasmic,3
ENSG00000187522,HSPA14,nucleoplasm,1
ENSG00000204388,HSPA1B,big_aggregates,3
ENSG00000204388,HSPA1B,cytoplasmic,3
ENSG00000204388,HSPA1B,nucleoplasm,3
ENSG00000170606,HSPA4,nucleoplasm,3
ENSG00000170606,HSPA4,cytoplasmic,2
ENSG00000170606,HSPA4,nuclear_punctae,2
ENSG00000164070,HSPA4L,cytoplasmic,3
ENSG00000164070,HSPA4L,nucleoplasm,3
ENSG00000109971,HSPA8,cytoplasmic,3
ENSG00000109971,HSPA8,nucleoplasm,3
ENSG00000109971,HSPA8,nuclear_punctae,2
ENSG00000106211,HSPB1,cytoplasmic,3
ENSG00000081870,HSPB11,cytoplasmic,2
ENSG00000081870,HSPB11,nucleoplasm,1
ENSG00000133265,HSPBP1,cytoplasmic,3
ENSG00000133265,HSPBP1,nucleoplasm,3
ENSG00000120694,HSPH1,cytoplasmic,3
ENSG00000120694,HSPH1,nucleoplasm,2
ENSG00000120694,HSPH1,nuclear_punctae,1
ENSG00000136273,HUS1,nucleoplasm,3
ENSG00000136273,HUS1,cytoplasmic,2
ENSG00000136273,HUS1,nuclear_punctae,2
ENSG00000067064,IDI1,cytoplasmic,3
ENSG00000067064,IDI1,nucleoplasm,3
ENSG00000140443,IGF1R,membrane,3
ENSG00000140443,IGF1R,vesicles,2
ENSG00000159217,IGF2BP1,big_aggregates,3
ENSG00000159217,IGF2BP1,cytoplasmic,3
ENSG00000136231,IGF2BP3,cytoplasmic,3
ENSG00000104365,IKBKB,cytoplasmic,3
ENSG00000104365,IKBKB,nucleoplasm,2
ENSG00000129351,ILF3,nucleolus_gc,3
ENSG00000129351,ILF3,nucleoplasm,3
ENSG00000166333,ILK,cytoplasmic,3
ENSG00000166333,ILK,focal_adhesions,3
ENSG00000177971,IMP3,nucleolus_gc,3
ENSG00000141401,IMPA2,cytoplasmic,3
ENSG00000141401,IMPA2,nucleoplasm,3
ENSG00000128908,INO80,chromatin,3
ENSG00000040933,INPP4A,cytoplasmic,3
ENSG00000040933,INPP4A,vesicles,2
ENSG00000040933,INPP4A,nucleoplasm,1
ENSG00000148384,INPP5E,centrosome,3
ENSG00000148384,INPP5E,vesicles,3
ENSG00000132376,INPP5K,er,3
ENSG00000165458,INPPL1,cytoplasmic,3
ENSG00000165458,INPPL1,vesicles,1
ENSG00000138614,INTS14,nuclear_punctae,3
ENSG00000138614,INTS14,nucleoplasm,3
ENSG00000138614,INTS14,chromatin,1
ENSG00000185085,INTS5,nuclear_punctae,3
ENSG00000185085,INTS5,chromatin,2
ENSG00000104299,INTS9,nuclear_punctae,3
ENSG00000104299,INTS9,nucleoplasm,2
ENSG00000086200,IPO11,nucleoplasm,3
ENSG00000086200,IPO11,cytoplasmic,2
ENSG00000117408,IPO13,nucleoplasm,2
ENSG00000196497,IPO4,cytoplasmic,3
ENSG00000196497,IPO4,nucleoplasm,3
ENSG00000065150,IPO5,cytoplasmic,3
ENSG00000065150,IPO5,nucleoplasm,3
ENSG00000205339,IPO7,cytoplasmic,3
ENSG00000205339,IPO7,nucleoplasm,2
ENSG00000133704,IPO8,cytoplasmic,3
ENSG00000133704,IPO8,nucleoplasm,3
ENSG00000184216,IRAK1,cytoplasmic,3
ENSG00000182149,IST1,cytoplasmic,3
ENSG00000182149,IST1,vesicles,3
ENSG00000096433,ITPR3,vesicles,3
ENSG00000096433,ITPR3,membrane,1
ENSG00000205726,ITSN1,cell_contact,3
ENSG00000205726,ITSN1,membrane,3
ENSG00000205726,ITSN1,cytoplasmic,1
ENSG00000198399,ITSN2,cell_contact,3
ENSG00000198399,ITSN2,membrane,3
ENSG00000198399,ITSN2,vesicles,2
ENSG00000198399,ITSN2,cytoplasmic,1
ENSG00000177606,JUN,nucleoplasm,3
ENSG00000177606,JUN,chromatin,2
ENSG00000171223,JUNB,chromatin,3
ENSG00000171223,JUNB,nucleoplasm,2
ENSG00000119537,KDSR,er,3
ENSG00000119537,KDSR,vesicles,3
ENSG00000079999,KEAP1,cytoplasmic,3
ENSG00000079999,KEAP1,vesicles,3
ENSG00000142687,KIAA0319L,vesicles,3
ENSG00000142687,KIAA0319L,golgi,2
ENSG00000163807,KIAA1143,nucleoplasm,3
ENSG00000138160,KIF11,cytoplasmic,3
ENSG00000138160,KIF11,cytoskeleton,3
ENSG00000054523,KIF1B,cytoplasmic,3
ENSG00000054523,KIF1B,big_aggregates,2
ENSG00000054523,KIF1B,nucleoplasm,2
ENSG00000054523,KIF1B,centrosome,1
ENSG00000112984,KIF20A,cytoplasmic,3
ENSG00000079616,KIF22,chromatin,3
ENSG00000068796,KIF2A,cytoplasmic,3
ENSG00000068796,KIF2A,cytoskeleton,3
ENSG00000068796,KIF2A,nucleoplasm,3
ENSG00000142945,KIF2C,centrosome,3
ENSG00000142945,KIF2C,cytoskeleton,3
ENSG00000142945,KIF2C,nuclear_punctae,3
ENSG00000142945,KIF2C,nucleoplasm,3
ENSG00000131437,KIF3A,cytoplasmic,3
ENSG00000101350,KIF3B,cytoplasmic,3
ENSG00000101350,KIF3B,centrosome,2
ENSG00000090889,KIF4A,nucleoplasm,3
ENSG00000090889,KIF4A,big_aggregates,1
ENSG00000170759,KIF5B,centrosome,3
ENSG00000170759,KIF5B,cytoplasmic,3
ENSG00000166813,KIF7,centrosome,3
ENSG00000166813,KIF7,vesicles,3
ENSG00000075945,KIFAP3,cytoplasmic,3
ENSG00000075945,KIFAP3,big_aggregates,2
ENSG00000075945,KIFAP3,nucleoplasm,1
ENSG00000198954,KIFBP,cytoplasmic,3
ENSG00000198954,KIFBP,big_aggregates,2
ENSG00000198954,KIFBP,nucleoplasm,2
ENSG00000237649,KIFC1,cytoskeleton,3
ENSG00000126214,KLC1,centrosome,3
ENSG00000126214,KLC1,cytoplasmic,3
ENSG00000174996,KLC2,centrosome,3
ENSG00000174996,KLC2,cytoplasmic,3
ENSG00000137171,KLC4,cytoplasmic,3
ENSG00000137171,KLC4,centrosome,2
ENSG00000114030,KPNA1,big_aggregates,3
ENSG00000114030,KPNA1,nuclear_membrane,3
ENSG00000114030,KPNA1,cytoplasmic,2
ENSG00000114030,KPNA1,nucleoplasm,2
ENSG00000182481,KPNA2,cytoplasmic,3
ENSG00000182481,KPNA2,nuclear_membrane,3
ENSG00000182481,KPNA2,big_aggregates,2
ENSG00000182481,KPNA2,nucleoplasm,2
ENSG00000102753,KPNA3,cytoplasmic,3
ENSG00000102753,KPNA3,nuclear_membrane,3
ENSG00000102753,KPNA3,nucleoplasm,3
ENSG00000186432,KPNA4,big_aggregates,3
ENSG00000186432,KPNA4,nuclear_membrane,3
ENSG00000186432,KPNA4,cytoplasmic,2
ENSG00000186432,KPNA4,nucleoplasm,2
ENSG00000025800,KPNA6,nuclear_membrane,3
ENSG00000025800,KPNA6,big_aggregates,2
ENSG00000025800,KPNA6,cytoplasmic,2
ENSG00000025800,KPNA6,nucleoplasm,2
ENSG00000108424,KPNB1,big_aggregates,3
ENSG00000108424,KPNB1,nuclear_membrane,2
ENSG00000108424,KPNB1,cytoplasmic,1
ENSG00000108424,KPNB1,nucleoplasm,1
ENSG00000133703,KRAS,membrane,3
ENSG00000133703,KRAS,cytoplasmic,1
ENSG00000111057,KRT18,cytoskeleton,3
ENSG00000111057,KRT18,cytoplasmic,1
ENSG00000163463,KRTCAP2,er,3
ENSG00000185896,LAMP1,vesicles,3
ENSG00000005893,LAMP2,vesicles,3
ENSG00000116586,LAMTOR2,vesicles,3
ENSG00000174720,LARP7,nucleolus_gc,3
ENSG00000174720,LARP7,nucleoplasm,3
ENSG00000174720,LARP7,nuclear_punctae,1
ENSG00000174720,LARP7,vesicles,1
ENSG00000143815,LBR,nuclear_membrane,3
ENSG00000143815,LBR,er,2
ENSG00000134333,LDHA,cytoplasmic,3
ENSG00000134333,LDHA,centrosome,1
ENSG00000134333,LDHA,nucleoplasm,1
ENSG00000111716,LDHB,cytoplasmic,3
ENSG00000111716,LDHB,nucleoplasm,1
ENSG00000111716,LDHB,vesicles,1
ENSG00000161904,LEMD2,big_aggregates,3
ENSG00000161904,LEMD2,nuclear_membrane,3
ENSG00000161904,LEMD2,er,1
ENSG00000174106,LEMD3,nuclear_membrane,3
ENSG00000100097,LGALS1,cytoplasmic,3
ENSG00000100097,LGALS1,nucleoplasm,3
ENSG00000105486,LIG1,nuclear_punctae,3
ENSG00000105486,LIG1,nucleoplasm,3
ENSG00000182541,LIMK2,cytoplasmic,3
ENSG00000182541,LIMK2,nucleoplasm,1
ENSG00000074695,LMAN1,vesicles,3
ENSG00000160789,LMNA,nuclear_membrane,3
ENSG00000113368,LMNB1,nuclear_membrane,3
ENSG00000144320,LNPK,vesicles,3
ENSG00000144320,LNPK,er,2
ENSG00000153395,LPCAT1,er,3
ENSG00000153395,LPCAT1,vesicles,2
ENSG00000087253,LPCAT2,er,3
ENSG00000087253,LPCAT2,vesicles,3
ENSG00000257103,LSM14A,big_aggregates,3
ENSG00000149657,LSM14B,big_aggregates,3
ENSG00000149657,LSM14B,cytoplasmic,1
ENSG00000160285,LSS,vesicles,3
ENSG00000160285,LSS,er,1
ENSG00000135521,LTV1,cytoplasmic,3
ENSG00000135521,LTV1,nucleolus_gc,1
ENSG00000135521,LTV1,nucleoplasm,1
ENSG00000107816,LZTS2,cell_contact,3
ENSG00000107816,LZTS2,centrosome,3
ENSG00000107816,LZTS2,membrane,3
ENSG00000107816,LZTS2,cytoplasmic,1
ENSG00000198162,MAN1A2,vesicles,3
ENSG00000140941,MAP1LC3B,cytoplasmic,3
ENSG00000140941,MAP1LC3B,nucleoplasm,3
ENSG00000140941,MAP1LC3B,vesicles,3
ENSG00000140941,MAP1LC3B,cytoskeleton,2
ENSG00000169032,MAP2K1,cytoplasmic,3
ENSG00000126934,MAP2K2,cytoplasmic,3
ENSG00000034152,MAP2K3,cytoplasmic,3
ENSG00000034152,MAP2K3,nucleoplasm,3
ENSG00000076984,MAP2K7,cytoplasmic,3
ENSG00000076984,MAP2K7,nucleoplasm,3
ENSG00000135341,MAP3K7,cytoplasmic,3
ENSG00000047849,MAP4,cytoskeleton,3
ENSG00000071054,MAP4K4,cell_contact,3
ENSG00000071054,MAP4K4,membrane,3
ENSG00000071054,MAP4K4,cytoplasmic,2
ENSG00000100030,MAPK1,cytoplasmic,3
ENSG00000100030,MAPK1,nucleoplasm,2
ENSG00000112062,MAPK14,cytoplasmic,3
ENSG00000112062,MAPK14,nucleoplasm,3
ENSG00000102882,MAPK3,cytoplasmic,3
ENSG00000102882,MAPK3,nucleoplasm,2
ENSG00000107643,MAPK8,cytoplasmic,3
ENSG00000107643,MAPK8,nucleoplasm,3
ENSG00000050748,MAPK9,cytoplasmic,3
ENSG00000050748,MAPK9,nucleoplasm,3
ENSG00000162889,MAPKAPK2,cytoplasmic,3
ENSG00000162889,MAPKAPK2,nucleoplasm,3
ENSG00000162889,MAPKAPK2,centrosome,2
ENSG00000114738,MAPKAPK3,cytoplasmic,3
ENSG00000114738,MAPKAPK3,nucleoplasm,3
ENSG00000101367,MAPRE1,centrosome,3
ENSG00000101367,MAPRE1,cytoplasmic,3
ENSG00000101367,MAPRE1,nucleoplasm,1
ENSG00000072518,MARK2,cytoplasmic,3
ENSG00000072518,MARK2,membrane,3
ENSG00000072518,MARK2,nucleolus_gc,2
ENSG00000072518,MARK2,nucleoplasm,2
ENSG00000075413,MARK3,cytoplasmic,3
ENSG00000075413,MARK3,membrane,3
ENSG00000075413,MARK3,cell_contact,2
ENSG00000075413,MARK3,nucleoplasm,1
ENSG00000007047,MARK4,centrosome,3
ENSG00000007047,MARK4,cytoplasmic,3
ENSG00000143797,MBOAT2,vesicles,3
ENSG00000143797,MBOAT2,er,2
ENSG00000125505,MBOAT7,er,3
ENSG00000065328,MCM10,nucleolus_gc,3
ENSG00000065328,MCM10,nucleoplasm,3
ENSG00000065328,MCM10,cytoplasmic,2
ENSG00000090674,MCOLN1,vesicles,3
ENSG00000014641,MDH1,cytoplasmic,3
ENSG00000014641,MDH1,nucleoplasm,3
ENSG00000169057,MECP2,chromatin,3
ENSG00000133398,MED10,nuclear_punctae,3
ENSG00000133398,MED10,nucleoplasm,3
ENSG00000161920,MED11,nuclear_punctae,3
ENSG00000161920,MED11,nucleoplasm,3
ENSG00000180182,MED14,nuclear_punctae,3
ENSG00000180182,MED14,nucleoplasm,3
ENSG00000099917,MED15,nuclear_punctae,3
ENSG00000099917,MED15,nucleoplasm,3
ENSG00000042429,MED17,nuclear_punctae,3
ENSG00000042429,MED17,nucleoplasm,3
ENSG00000130772,MED18,nuclear_punctae,3
ENSG00000130772,MED18,nucleoplasm,3
ENSG00000156603,MED19,nuclear_punctae,3
ENSG00000156603,MED19,nucleoplasm,3
ENSG00000124641,MED20,nuclear_punctae,3
ENSG00000124641,MED20,nucleoplasm,3
ENSG00000152944,MED21,nuclear_punctae,3
ENSG00000152944,MED21,nucleoplasm,3
ENSG00000148297,MED22,nuclear_punctae,3
ENSG00000148297,MED22,nucleoplasm,3
ENSG00000008838,MED24,nuclear_punctae,3
ENSG00000008838,MED24,nucleoplasm,3
ENSG00000104973,MED25,chromatin,3
ENSG00000104973,MED25,nucleoplasm,3
ENSG00000160563,MED27,nuclear_punctae,3
ENSG00000160563,MED27,nucleoplasm,3
ENSG00000118579,MED28,nuclear_punctae,3
ENSG00000118579,MED28,nucleoplasm,3
ENSG00000063322,MED29,nuclear_punctae,3
ENSG00000063322,MED29,nucleoplasm,3
ENSG00000108590,MED31,nuclear_punctae,3
ENSG00000108590,MED31,nucleoplasm,3
ENSG00000136146,MED4,nuclear_punctae,3
ENSG00000136146,MED4,nucleoplasm,3
ENSG00000133997,MED6,nuclear_punctae,3
ENSG00000133997,MED6,nucleoplasm,3
ENSG00000159479,MED8,nuclear_punctae,3
ENSG00000159479,MED8,nucleoplasm,3
ENSG00000141026,MED9,nuclear_punctae,3
ENSG00000141026,MED9,nucleoplasm,3
ENSG00000165304,MELK,cytoplasmic,3
ENSG00000165304,MELK,nucleoplasm,1
ENSG00000165304,MELK,vesicles,1
ENSG00000111142,METAP2,cytoplasmic,3
ENSG00000111142,METAP2,nucleolus_gc,1
ENSG00000111142,METAP2,nucleoplasm,1
ENSG00000171109,MFN1,mitochondria,3
ENSG00000116688,MFN2,mitochondria,3
ENSG00000092931,MFSD11,vesicles,3
ENSG00000161091,MFSD12,vesicles,3
ENSG00000240972,MIF,cytoplasmic,3
ENSG00000240972,MIF,nucleoplasm,3
ENSG00000141503,MINK1,cytoplasmic,3
ENSG00000141503,MINK1,membrane,3
ENSG00000141503,MINK1,cell_contact,2
ENSG00000141503,MINK1,big_aggregates,1
ENSG00000167842,MIS12,nuclear_punctae,3
ENSG00000167842,MIS12,nucleoplasm,1
ENSG00000148773,MKI67,nucleolus_gc,3
ENSG00000148773,MKI67,chromatin,2
ENSG00000148773,MKI67,nuclear_punctae,2
ENSG00000148773,MKI67,nucleoplasm,1
ENSG00000079277,MKNK1,cytoplasmic,3
ENSG00000079277,MKNK1,nucleoplasm,2
ENSG00000079277,MKNK1,big_aggregates,1
ENSG00000099875,MKNK2,cytoplasmic,3
ENSG00000099875,MKNK2,nucleoplasm,3
ENSG00000099875,MKNK2,big_aggregates,2
ENSG00000169446,MMGT1,er,3
ENSG00000124383,MPHOSPH10,nucleolus_gc,3
ENSG00000053372,MRTO4,nucleolus_gc,3
ENSG00000116062,MSH6,chromatin,3
ENSG00000116062,MSH6,nuclear_punctae,3
ENSG00000116062,MSH6,nucleoplasm,3
ENSG00000147065,MSN,cytoplasmic,3
ENSG00000147065,MSN,nucleoplasm,1
ENSG00000063601,MTMR1,cell_contact,3
ENSG00000063601,MTMR1,cytoplasmic,3
ENSG00000063601,MTMR1,nucleoplasm,3
ENSG00000063601,MTMR1,membrane,2
ENSG00000087053,MTMR2,cytoplasmic,3
ENSG00000087053,MTMR2,nucleoplasm,3
ENSG00000087053,MTMR2,vesicles,2
ENSG00000198793,MTOR,cytoplasmic,3
ENSG00000198793,MTOR,vesicles,2
ENSG00000141971,MVB12A,cytoplasmic,3
ENSG00000141971,MVB12A,vesicles,3
ENSG00000167508,MVD,cytoplasmic,3
ENSG00000167508,MVD,nucleoplasm,2
ENSG00000167508,MVD,big_aggregates,1
ENSG00000110921,MVK,cytoplasmic,3
ENSG00000110921,MVK,nucleoplasm,3
ENSG00000132382,MYBBP1A,nucleolus_gc,3
ENSG00000133026,MYH10,cytoskeleton,3
ENSG00000100345,MYH9,cytoskeleton,3
ENSG00000100345,MYH9,membrane,3
ENSG00000100345,MYH9,cytoplasmic,2
ENSG00000101608,MYL12A,cytoplasmic,3
ENSG00000101608,MYL12A,cytoskeleton,3
ENSG00000118680,MYL12B,cytoskeleton,3
ENSG00000118680,MYL12B,cytoplasmic,2
ENSG00000092841,MYL6,cytoskeleton,3
ENSG00000092841,MYL6,cytoplasmic,2
ENSG00000196465,MYL6B,cytoplasmic,3
ENSG00000196465,MYL6B,cytoskeleton,3
ENSG00000196465,MYL6B,membrane,2
ENSG00000278259,MYO19,mitochondria,3
ENSG00000128641,MYO1B,membrane,3
ENSG00000128641,MYO1B,cell_contact,2
ENSG00000197879,MYO1C,membrane,3
ENSG00000197879,MYO1C,cytoplasmic,1
ENSG00000157483,MYO1E,cytoplasmic,3
ENSG00000196586,MYO6,cytoplasmic,3
ENSG00000196586,MYO6,vesicles,3
ENSG00000196586,MYO6,membrane,1
ENSG00000066933,MYO9A,cytoplasmic,3
ENSG00000066933,MYO9A,membrane,1
ENSG00000099331,MYO9B,cytoplasmic,3
ENSG00000099331,MYO9B,membrane,1
ENSG00000145414,NAF1,nucleoplasm,3
ENSG00000145414,NAF1,chromatin,2
ENSG00000145414,NAF1,nucleolus_fc_dfc,2
ENSG00000145414,NAF1,nuclear_punctae,1
ENSG00000095380,NANS,nucleoplasm,3
ENSG00000095380,NANS,cytoplasmic,1
ENSG00000105402,NAPA,cytoplasmic,3
ENSG00000105402,NAPA,golgi,3
ENSG00000105402,NAPA,nucleoplasm,3
ENSG00000105402,NAPA,vesicles,2
ENSG00000134265,NAPG,cytoplasmic,3
ENSG00000134265,NAPG,vesicles,2
ENSG00000121152,NCAPH,cytoplasmic,3
ENSG00000121152,NCAPH,nucleoplasm,3
ENSG00000121152,NCAPH,chromatin,2
ENSG00000158092,NCK1,focal_adhesions,3
ENSG00000158092,NCK1,cytoplasmic,1
ENSG00000158092,NCK1,membrane,1
ENSG00000071051,NCK2,vesicles,3
ENSG00000071051,NCK2,cytoplasmic,2
ENSG00000061676,NCKAP1,cytoplasmic,3
ENSG00000061676,NCKAP1,membrane,3
ENSG00000061676,NCKAP1,cell_contact,2
ENSG00000167566,NCKAP5L,centrosome,3
ENSG00000167566,NCKAP5L,cytoplasmic,3
ENSG00000167566,NCKAP5L,nucleoplasm,2
ENSG00000115053,NCL,nucleolus_gc,3
ENSG00000115053,NCL,nucleoplasm,1
ENSG00000125912,NCLN,er,3
ENSG00000125912,NCLN,vesicles,1
ENSG00000084676,NCOA1,nucleoplasm,3
ENSG00000089818,NECAP1,cytoplasmic,3
ENSG00000089818,NECAP1,membrane,3
ENSG00000089818,NECAP1,nucleoplasm,3
ENSG00000157191,NECAP2,cytoplasmic,3
ENSG00000157191,NECAP2,nucleoplasm,3
ENSG00000157191,NECAP2,membrane,2
ENSG00000157191,NECAP2,cell_contact,1
ENSG00000139350,NEDD1,centrosome,3
ENSG00000139350,NEDD1,cytoplasmic,2
ENSG00000119638,NEK9,cytoplasmic,3
ENSG00000165525,NEMF,cytoplasmic,3
ENSG00000163608,NEPRO,nucleolus_gc,3
ENSG00000173848,NET1,nucleoplasm,3
ENSG00000109320,NFKB1,cytoplasmic,3
ENSG00000077150,NFKB2,cytoplasmic,3
ENSG00000077150,NFKB2,nucleoplasm,1
ENSG00000145912,NHP2,nucleolus_fc_dfc,3
ENSG00000155438,NIFK,nucleolus_gc,3
ENSG00000169251,NMD3,nucleolus_gc,3
ENSG00000169251,NMD3,cytoplasmic,2
ENSG00000169251,NMD3,nucleoplasm,1
ENSG00000115761,NOL10,nucleolus_gc,3
ENSG00000130935,NOL11,nucleolus_gc,3
ENSG00000146909,NOM1,nucleolus_gc,3
ENSG00000146909,NOM1,chromatin,1
ENSG00000147140,NONO,nucleoplasm,3
ENSG00000147140,NONO,chromatin,2
ENSG00000147140,NONO,nuclear_punctae,2
ENSG00000147140,NONO,nucleolus_fc_dfc,2
ENSG00000182117,NOP10,nucleolus_fc_dfc,3
ENSG00000182117,NOP10,nucleoplasm,1
ENSG00000111641,NOP2,nucleolus_gc,3
ENSG00000105373,NOP53,nucleolus_gc,3
ENSG00000055044,NOP58,nucleolus_fc_dfc,3
ENSG00000181163,NPM1,nucleolus_gc,3
ENSG00000107833,NPM3,nucleolus_gc,3
ENSG00000115216,NRBP1,cytoplasmic,3
ENSG00000115216,NRBP1,nucleoplasm,1
ENSG00000164346,NSA2,nucleolus_gc,3
ENSG00000147383,NSDHL,er,3
ENSG00000147383,NSDHL,vesicles,2
ENSG00000069275,NUCKS1,chromatin,3
ENSG00000069275,NUCKS1,nucleoplasm,2
ENSG00000143228,NUF2,cytoskeleton,3
ENSG00000143228,NUF2,centrosome,1
ENSG00000108256,NUFIP2,cytoplasmic,3
ENSG00000137497,NUMA1,nucleoplasm,3
ENSG00000137497,NUMA1,chromatin,2
ENSG00000111581,NUP107,nuclear_membrane,3
ENSG00000124789,NUP153,nuclear_membrane,3
ENSG00000113569,NUP155,nuclear_membrane,3
ENSG00000126883,NUP214,nuclear_membrane,3
ENSG00000126883,NUP214,big_aggregates,2
ENSG00000163002,NUP35,nuclear_membrane,3
ENSG00000163002,NUP35,big_aggregates,2
ENSG00000110713,NUP98,nuclear_membrane,3
ENSG00000102898,NUTF2,nuclear_membrane,3
ENSG00000102898,NUTF2,cytoplasmic,1
ENSG00000102898,NUTF2,nucleoplasm,1
ENSG00000143748,NVL,nucleolus_gc,3
ENSG00000143748,NVL,nucleoplasm,1
ENSG00000162231,NXF1,nuclear_membrane,3
ENSG00000162231,NXF1,nuclear_punctae,3
ENSG00000162231,NXF1,nucleoplasm,2
ENSG00000101888,NXT2,nuclear_punctae,3
ENSG00000101888,NXT2,nucleoplasm,2
ENSG00000101888,NXT2,nuclear_membrane,1
ENSG00000122126,OCRL,cytoplasmic,3
ENSG00000122126,OCRL,vesicles,2
ENSG00000122126,OCRL,golgi,1
ENSG00000276045,ORAI1,membrane,3
ENSG00000276045,ORAI1,er,2
ENSG00000110048,OSBP,golgi,3
ENSG00000110048,OSBP,vesicles,3
ENSG00000110048,OSBP,cell_contact,2
ENSG00000110048,OSBP,membrane,2
ENSG00000144909,OSBPL11,cytoplasmic,3
ENSG00000144909,OSBPL11,golgi,3
ENSG00000144909,OSBPL11,vesicles,1
ENSG00000091039,OSBPL8,er,3
ENSG00000091039,OSBPL8,cell_contact,2
ENSG00000091039,OSBPL8,membrane,2
ENSG00000091039,OSBPL8,vesicles,2
ENSG00000228474,OST4,er,3
ENSG00000198856,OSTC,er,3
ENSG00000172939,OXSR1,cytoplasmic,3
ENSG00000172939,OXSR1,nucleoplasm,2
ENSG00000090621,PABPC4,cytoplasmic,3
ENSG00000100266,PACSIN2,cytoplasmic,3
ENSG00000100266,PACSIN2,membrane,2
ENSG00000165912,PACSIN3,membrane,3
ENSG00000165912,PACSIN3,cell_contact,2
ENSG00000165912,PACSIN3,cytoplasmic,1
ENSG00000172239,PAIP1,cytoplasmic,3
ENSG00000172239,PAIP1,nuclear_membrane,3
ENSG00000149269,PAK1,focal_adhesions,3
ENSG00000149269,PAK1,cytoplasmic,2
ENSG00000180370,PAK2,focal_adhesions,3
ENSG00000180370,PAK2,cytoplasmic,2
ENSG00000180370,PAK2,nucleoplasm,2
ENSG00000130669,PAK4,cytoplasmic,3
ENSG00000130669,PAK4,centrosome,2
ENSG00000130669,PAK4,cell_contact,1
ENSG00000143799,PARP1,nucleolus_gc,3
ENSG00000143799,PARP1,nucleoplasm,3
ENSG00000115687,PASK,cytoplasmic,3
ENSG00000115687,PASK,big_aggregates,2
ENSG00000100105,PATZ1,cytoplasmic,3
ENSG00000100105,PATZ1,nucleoplasm,3
ENSG00000168078,PBK,cytoplasmic,3
ENSG00000168078,PBK,nucleoplasm,3
ENSG00000132646,PCNA,nuclear_punctae,3
ENSG00000132646,PCNA,nucleoplasm,3
ENSG00000132646,PCNA,chromatin,2
ENSG00000132646,PCNA,cytoplasmic,2
ENSG00000106244,PDAP1,cytoplasmic,3
ENSG00000106244,PDAP1,centrosome,2
ENSG00000148843,PDCD11,nucleolus_gc,3
ENSG00000249915,PDCD6,cytoplasmic,3
ENSG00000249915,PDCD6,nucleoplasm,3
ENSG00000170248,PDCD6IP,cytoplasmic,3
ENSG00000170248,PDCD6IP,nucleoplasm,1
ENSG00000115539,PDCL3,cytoplasmic,3
ENSG00000115539,PDCL3,nucleoplasm,1
ENSG00000140992,PDPK1,cytoplasmic,3
ENSG00000140992,PDPK1,membrane,1
ENSG00000100029,PES1,nucleolus_gc,3
ENSG00000100029,PES1,nucleoplasm,1
ENSG00000034693,PEX3,vesicles,3
ENSG00000204220,PFDN6,cytoplasmic,3
ENSG00000204220,PFDN6,nucleoplasm,3
ENSG00000108518,PFN1,cytoplasmic,3
ENSG00000102144,PGK1,cytoplasmic,3
ENSG00000102144,PGK1,nucleoplasm,3
ENSG00000101856,PGRMC1,er,3
ENSG00000101856,PGRMC1,vesicles,2
ENSG00000164040,PGRMC2,er,3
ENSG00000164040,PGRMC2,vesicles,3
ENSG00000164902,PHAX,nucleoplasm,3
ENSG00000130024,PHF10,nucleoplasm,3
ENSG00000130024,PHF10,chromatin,2
ENSG00000092621,PHGDH,cytoplasmic,3
ENSG00000092621,PHGDH,nucleoplasm,3
ENSG00000156873,PHKG2,cytoplasmic,3
ENSG00000156873,PHKG2,nucleoplasm,1
ENSG00000019144,PHLDB1,membrane,3
ENSG00000155252,PI4K2A,vesicles,3
ENSG00000241973,PI4KA,membrane,3
ENSG00000241973,PI4KA,cytoplasmic,2
ENSG00000241973,PI4KA,nucleoplasm,1
ENSG00000241973,PI4KA,vesicles,1
ENSG00000143393,PI4KB,golgi,3
ENSG00000143393,PI4KB,cytoplasmic,1
ENSG00000143393,PI4KB,vesicles,1
ENSG00000073921,PICALM,membrane,3
ENSG00000011405,PIK3C2A,cytoplasmic,3
ENSG00000011405,PIK3C2A,vesicles,2
ENSG00000078142,PIK3C3,cytoplasmic,3
ENSG00000078142,PIK3C3,vesicles,2
ENSG00000145675,PIK3R1,membrane,3
ENSG00000145675,PIK3R1,cytoplasmic,2
ENSG00000145675,PIK3R1,vesicles,2
ENSG00000105647,PIK3R2,cell_contact,3
ENSG00000105647,PIK3R2,cytoplasmic,3
ENSG00000105647,PIK3R2,membrane,3
ENSG00000105647,PIK3R2,vesicles,2
ENSG00000115020,PIKFYVE,vesicles,3
ENSG00000115020,PIKFYVE,cytoplasmic,2
ENSG00000102309,PIN4,cytoplasmic,3
ENSG00000102309,PIN4,nucleolus_gc,3
ENSG00000102309,PIN4,nucleoplasm,3
ENSG00000150867,PIP4K2A,cytoplasmic,3
ENSG00000150867,PIP4K2A,membrane,2
ENSG00000150867,PIP4K2A,nucleoplasm,1
ENSG00000276293,PIP4K2B,cytoplasmic,3
ENSG00000276293,PIP4K2B,membrane,3
ENSG00000276293,PIP4K2B,nucleoplasm,1
ENSG00000276293,PIP4K2B,vesicles,1
ENSG00000166908,PIP4K2C,membrane,3
ENSG00000166908,PIP4K2C,er,2
ENSG00000166908,PIP4K2C,nucleoplasm,1
ENSG00000165782,PIP4P1,vesicles,3
ENSG00000165782,PIP4P1,membrane,2
ENSG00000143398,PIP5K1A,membrane,3
ENSG00000143398,PIP5K1A,cytoplasmic,1
ENSG00000143398,PIP5K1A,vesicles,1
ENSG00000186111,PIP5K1C,membrane,3
ENSG00000186111,PIP5K1C,cytoplasmic,2
ENSG00000186111,PIP5K1C,vesicles,1
ENSG00000067225,PKM,cytoplasmic,3
ENSG00000067225,PKM,nucleoplasm,1
ENSG00000127564,PKMYT1,er,3
ENSG00000127564,PKMYT1,nucleoplasm,1
ENSG00000123143,PKN1,cytoplasmic,3
ENSG00000065243,PKN2,cytoplasmic,3
ENSG00000065243,PKN2,er,3
ENSG00000065243,PKN2,membrane,1
ENSG00000065243,PKN2,nucleoplasm,1
ENSG00000116711,PLA2G4A,cytoplasmic,3
ENSG00000116711,PLA2G4A,nucleoplasm,3
ENSG00000129219,PLD2,cytoplasmic,3
ENSG00000129219,PLD2,membrane,1
ENSG00000129219,PLD2,vesicles,1
ENSG00000166851,PLK1,centrosome,3
ENSG00000166851,PLK1,cytoplasmic,2
ENSG00000166851,PLK1,nuclear_punctae,2
ENSG00000166851,PLK1,nucleoplasm,2
ENSG00000067113,PLPP1,membrane,3
ENSG00000067113,PLPP1,vesicles,2
ENSG00000067113,PLPP1,er,1
ENSG00000163344,PMVK,cytoplasmic,3
ENSG00000163344,PMVK,nucleoplasm,3
ENSG00000177666,PNPLA2,vesicles,3
ENSG00000068654,POLR1A,nucleolus_fc_dfc,3
ENSG00000125630,POLR1B,nucleolus_fc_dfc,3
ENSG00000171453,POLR1C,nucleolus_fc_dfc,3
ENSG00000171453,POLR1C,nuclear_punctae,1
ENSG00000186184,POLR1D,nucleolus_fc_dfc,3
ENSG00000186184,POLR1D,nucleoplasm,2
ENSG00000137054,POLR1E,nucleolus_fc_dfc,3
ENSG00000137054,POLR1E,nuclear_punctae,2
ENSG00000105849,POLR1F,nucleolus_fc_dfc,3
ENSG00000105849,POLR1F,nuclear_punctae,1
ENSG00000181222,POLR2A,nucleoplasm,3
ENSG00000181222,POLR2A,nuclear_punctae,2
ENSG00000047315,POLR2B,nuclear_punctae,3
ENSG00000047315,POLR2B,nucleoplasm,3
ENSG00000047315,POLR2B,cytoplasmic,1
ENSG00000102978,POLR2C,nucleoplasm,3
ENSG00000102978,POLR2C,nuclear_punctae,2
ENSG00000102978,POLR2C,chromatin,1
ENSG00000102978,POLR2C,cytoplasmic,1
ENSG00000144231,POLR2D,nucleoplasm,3
ENSG00000144231,POLR2D,cytoplasmic,2
ENSG00000099817,POLR2E,nucleolus_fc_dfc,3
ENSG00000099817,POLR2E,nuclear_punctae,2
ENSG00000099817,POLR2E,nucleoplasm,2
ENSG00000100142,POLR2F,nuclear_punctae,3
ENSG00000100142,POLR2F,nucleolus_fc_dfc,3
ENSG00000100142,POLR2F,nucleoplasm,3
ENSG00000100142,POLR2F,cytoplasmic,1
ENSG00000168002,POLR2G,nucleoplasm,3
ENSG00000163882,POLR2H,nucleolus_fc_dfc,3
ENSG00000163882,POLR2H,nucleoplasm,1
ENSG00000105258,POLR2I,nucleoplasm,3
ENSG00000105258,POLR2I,cytoplasmic,1
ENSG00000105258,POLR2I,nuclear_punctae,1
ENSG00000005075,POLR2J,nuclear_punctae,3
ENSG00000005075,POLR2J,nucleoplasm,3
ENSG00000005075,POLR2J,cytoplasmic,1
ENSG00000147669,POLR2K,nucleolus_fc_dfc,3
ENSG00000147669,POLR2K,nucleoplasm,2
ENSG00000148606,POLR3A,nuclear_punctae,3
ENSG00000148606,POLR3A,nucleoplasm,2
ENSG00000013503,POLR3B,nuclear_punctae,3
ENSG00000013503,POLR3B,nucleoplasm,2
ENSG00000186141,POLR3C,nucleoplasm,3
ENSG00000168495,POLR3D,nuclear_punctae,3
ENSG00000168495,POLR3D,nucleoplasm,3
ENSG00000058600,POLR3E,nuclear_punctae,3
ENSG00000058600,POLR3E,nucleoplasm,3
ENSG00000132664,POLR3F,nuclear_punctae,3
ENSG00000132664,POLR3F,nucleoplasm,2
ENSG00000113356,POLR3G,nuclear_punctae,3
ENSG00000113356,POLR3G,nucleoplasm,2
ENSG00000121851,POLR3GL,nuclear_punctae,3
ENSG00000121851,POLR3GL,nucleoplasm,2
ENSG00000100413,POLR3H,nuclear_punctae,3
ENSG00000100413,POLR3H,nucleoplasm,2
ENSG00000128513,POT1,nuclear_punctae,3
ENSG00000115241,PPM1G,nucleoplasm,3
ENSG00000113575,PPP2CA,centrosome,3
ENSG00000113575,PPP2CA,cytoplasmic,2
ENSG00000113575,PPP2CA,nucleoplasm,2
ENSG00000113575,PPP2CA,membrane,1
ENSG00000104695,PPP2CB,big_aggregates,3
ENSG00000104695,PPP2CB,cytoplasmic,3
ENSG00000104695,PPP2CB,nucleoplasm,3
ENSG00000105063,PPP6R1,cytoplasmic,3
ENSG00000105063,PPP6R1,vesicles,2
ENSG00000132356,PRKAA1,cytoplasmic,3
ENSG00000132356,PRKAA1,vesicles,2
ENSG00000132356,PRKAA1,nucleoplasm,1
ENSG00000072062,PRKACA,centrosome,3
ENSG00000072062,PRKACA,cytoplasmic,3
ENSG00000072062,PRKACA,vesicles,2
ENSG00000163932,PRKCD,cytoplasmic,3
ENSG00000163932,PRKCD,nucleoplasm,3
ENSG00000163558,PRKCI,cytoplasmic,3
ENSG00000163558,PRKCI,nucleoplasm,3
ENSG00000105287,PRKD2,cytoplasmic,3
ENSG00000115825,PRKD3,big_aggregates,3
ENSG00000115825,PRKD3,cytoplasmic,3
ENSG00000115825,PRKD3,nucleoplasm,2
ENSG00000253729,PRKDC,nucleoplasm,3
ENSG00000164169,PRMT9,nucleoplasm,3
ENSG00000164169,PRMT9,cytoplasmic,2
ENSG00000110107,PRPF19,chromatin,3
ENSG00000110107,PRPF19,nucleoplasm,2
ENSG00000112739,PRPF4B,chromatin,3
ENSG00000112739,PRPF4B,nuclear_punctae,2
ENSG00000174231,PRPF8,chromatin,3
ENSG00000129084,PSMA1,nucleoplasm,3
ENSG00000129084,PSMA1,cytoplasmic,2
ENSG00000106588,PSMA2,cytoplasmic,3
ENSG00000106588,PSMA2,nucleoplasm,3
ENSG00000100567,PSMA3,cytoplasmic,3
ENSG00000100567,PSMA3,nucleoplasm,3
ENSG00000041357,PSMA4,cytoplasmic,3
ENSG00000041357,PSMA4,nucleoplasm,3
ENSG00000143106,PSMA5,nucleoplasm,3
ENSG00000143106,PSMA5,cytoplasmic,2
ENSG00000100902,PSMA6,cytoplasmic,3
ENSG00000100902,PSMA6,nucleoplasm,2
ENSG00000008018,PSMB1,cytoplasmic,3
ENSG00000008018,PSMB1,nucleoplasm,3
ENSG00000126067,PSMB2,cytoplasmic,3
ENSG00000126067,PSMB2,nucleoplasm,3
ENSG00000277791,PSMB3,cytoplasmic,3
ENSG00000277791,PSMB3,nucleoplasm,3
ENSG00000159377,PSMB4,nucleoplasm,3
ENSG00000159377,PSMB4,cytoplasmic,2
ENSG00000100804,PSMB5,cytoplasmic,3
ENSG00000100804,PSMB5,nucleoplasm,3
ENSG00000142507,PSMB6,cytoplasmic,3
ENSG00000142507,PSMB6,nucleoplasm,3
ENSG00000136930,PSMB7,cytoplasmic,3
ENSG00000136930,PSMB7,nucleoplasm,3
ENSG00000161057,PSMC2,nucleoplasm,3
ENSG00000161057,PSMC2,cytoplasmic,1
ENSG00000165916,PSMC3,cytoplasmic,3
ENSG00000165916,PSMC3,nucleoplasm,3
ENSG00000131470,PSMC3IP,big_aggregates,3
ENSG00000131470,PSMC3IP,nuclear_punctae,2
ENSG00000131470,PSMC3IP,nucleoplasm,2
ENSG00000013275,PSMC4,nucleoplasm,3
ENSG00000013275,PSMC4,cytoplasmic,2
ENSG00000087191,PSMC5,nucleoplasm,3
ENSG00000087191,PSMC5,cytoplasmic,2
ENSG00000100519,PSMC6,nucleoplasm,3
ENSG00000173692,PSMD1,nucleoplasm,3
ENSG00000173692,PSMD1,cytoplasmic,2
ENSG00000101843,PSMD10,cytoplasmic,3
ENSG00000101843,PSMD10,nucleoplasm,3
ENSG00000108671,PSMD11,cytoplasmic,3
ENSG00000108671,PSMD11,nucleoplasm,3
ENSG00000197170,PSMD12,cytoplasmic,3
ENSG00000197170,PSMD12,nucleoplasm,3
ENSG00000185627,PSMD13,nucleoplasm,3
ENSG00000185627,PSMD13,cytoplasmic,2
ENSG00000175166,PSMD2,nucleoplasm,3
ENSG00000175166,PSMD2,cytoplasmic,2
ENSG00000108344,PSMD3,cytoplasmic,3
ENSG00000108344,PSMD3,nucleoplasm,3
ENSG00000159352,PSMD4,cytoplasmic,3
ENSG00000159352,PSMD4,nucleoplasm,3
ENSG00000163636,PSMD6,cytoplasmic,3
ENSG00000163636,PSMD6,nucleoplasm,3
ENSG00000103035,PSMD7,nucleoplasm,3
ENSG00000103035,PSMD7,big_aggregates,2
ENSG00000103035,PSMD7,cytoplasmic,2
ENSG00000110801,PSMD9,cytoplasmic,3
ENSG00000110801,PSMD9,nucleoplasm,3
ENSG00000092010,PSME1,cytoplasmic,3
ENSG00000092010,PSME1,nucleoplasm,2
ENSG00000100911,PSME2,cytoplasmic,3
ENSG00000100911,PSME2,nucleoplasm,2
ENSG00000131467,PSME3,nucleoplasm,3
ENSG00000068878,PSME4,nucleoplasm,3
ENSG00000068878,PSME4,big_aggregates,2
ENSG00000068878,PSME4,cytoplasmic,2
ENSG00000125818,PSMF1,cytoplasmic,3
ENSG00000125818,PSMF1,nucleoplasm,3
ENSG00000183527,PSMG1,cytoplasmic,3
ENSG00000183527,PSMG1,nucleoplasm,3
ENSG00000128789,PSMG2,cytoplasmic,3
ENSG00000128789,PSMG2,nucleoplasm,3
ENSG00000157778,PSMG3,cytoplasmic,3
ENSG00000157778,PSMG3,nucleoplasm,3
ENSG00000180822,PSMG4,cytoplasmic,3
ENSG00000180822,PSMG4,nucleoplasm,3
ENSG00000180822,PSMG4,big_aggregates,2
ENSG00000121390,PSPC1,nuclear_punctae,3
ENSG00000121390,PSPC1,nucleoplasm,1
ENSG00000156471,PTDSS1,er,3
ENSG00000174915,PTDSS2,er,3
ENSG00000110958,PTGES3,cytoplasmic,3
ENSG00000110958,PTGES3,nucleoplasm,3
ENSG00000169398,PTK2,cytoplasmic,3
ENSG00000169398,PTK2,focal_adhesions,3
ENSG00000112655,PTK7,membrane,3
ENSG00000112655,PTK7,vesicles,3
ENSG00000187514,PTMA,nucleoplasm,3
ENSG00000089159,PXN,focal_adhesions,3
ENSG00000084733,RAB10,er,3
ENSG00000084733,RAB10,golgi,2
ENSG00000084733,RAB10,vesicles,1
ENSG00000103769,RAB11A,golgi,3
ENSG00000103769,RAB11A,vesicles,3
ENSG00000185236,RAB11B,golgi,3
ENSG00000185236,RAB11B,vesicles,3
ENSG00000185236,RAB11B,cytoplasmic,2
ENSG00000143545,RAB13,cytoplasmic,3
ENSG00000143545,RAB13,membrane,3
ENSG00000143545,RAB13,er,2
ENSG00000119396,RAB14,vesicles,3
ENSG00000119396,RAB14,cytoplasmic,2
ENSG00000099246,RAB18,vesicles,3
ENSG00000099246,RAB18,er,1
ENSG00000138069,RAB1A,golgi,3
ENSG00000138069,RAB1A,cytoplasmic,1
ENSG00000138069,RAB1A,vesicles,1
ENSG00000174903,RAB1B,golgi,3
ENSG00000174903,RAB1B,cytoplasmic,1
ENSG00000174903,RAB1B,vesicles,1
ENSG00000112210,RAB23,cell_contact,3
ENSG00000112210,RAB23,cytoplasmic,3
ENSG00000112210,RAB23,membrane,3
ENSG00000169228,RAB24,mitochondria,3
ENSG00000169228,RAB24,cytoplasmic,1
ENSG00000169228,RAB24,er,1
ENSG00000117280,RAB29,vesicles,3
ENSG00000117280,RAB29,er,2
ENSG00000104388,RAB2A,golgi,3
ENSG00000104388,RAB2A,vesicles,3
ENSG00000104388,RAB2A,er,1
ENSG00000129472,RAB2B,golgi,3
ENSG00000129472,RAB2B,vesicles,3
ENSG00000129472,RAB2B,cytoplasmic,1
ENSG00000129472,RAB2B,er,1
ENSG00000111737,RAB35,membrane,3
ENSG00000111737,RAB35,vesicles,3
ENSG00000111737,RAB35,cell_contact,2
ENSG00000111737,RAB35,cytoplasmic,2
ENSG00000105514,RAB3D,er,3
ENSG00000105514,RAB3D,vesicles,3
ENSG00000118873,RAB3GAP2,cytoplasmic,3
ENSG00000118873,RAB3GAP2,golgi,3
ENSG00000118873,RAB3GAP2,vesicles,2
ENSG00000168118,RAB4A,cytoplasmic,3
ENSG00000168118,RAB4A,vesicles,3
ENSG00000168118,RAB4A,golgi,2
ENSG00000168118,RAB4A,nucleoplasm,1
ENSG00000144566,RAB5A,cytoplasmic,3
ENSG00000144566,RAB5A,vesicles,3
ENSG00000111540,RAB5B,cytoplasmic,3
ENSG00000111540,RAB5B,vesicles,3
ENSG00000154917,RAB6B,golgi,3
ENSG00000154917,RAB6B,vesicles,2
ENSG00000154917,RAB6B,er,1
ENSG00000075785,RAB7A,vesicles,3
ENSG00000166128,RAB8B,er,3
ENSG00000166128,RAB8B,membrane,2
ENSG00000166128,RAB8B,vesicles,1
ENSG00000123595,RAB9A,vesicles,3
ENSG00000123595,RAB9A,cytoplasmic,1
ENSG00000123595,RAB9A,er,1
ENSG00000105404,RABAC1,golgi,3
ENSG00000105404,RABAC1,vesicles,3
ENSG00000105404,RABAC1,cytoplasmic,1
ENSG00000029725,RABEP1,cytoplasmic,3
ENSG00000029725,RABEP1,vesicles,3
ENSG00000136933,RABEPK,cytoplasmic,3
ENSG00000136933,RABEPK,nucleoplasm,3
ENSG00000136933,RABEPK,vesicles,1
ENSG00000011454,RABGAP1,cytoplasmic,3
ENSG00000011454,RABGAP1,vesicles,3
ENSG00000011454,RABGAP1,golgi,2
ENSG00000152061,RABGAP1L,cytoplasmic,3
ENSG00000152061,RABGAP1L,centrosome,2
ENSG00000152061,RABGAP1L,golgi,2
ENSG00000152061,RABGAP1L,vesicles,2
ENSG00000152061,RABGAP1L,nucleoplasm,1
ENSG00000100949,RABGGTA,cytoplasmic,3
ENSG00000100949,RABGGTA,big_aggregates,2
ENSG00000137955,RABGGTB,cytoplasmic,3
ENSG00000137955,RABGGTB,nucleoplasm,3
ENSG00000183155,RABIF,cytoplasmic,3
ENSG00000183155,RABIF,nucleoplasm,3
ENSG00000144840,RABL3,vesicles,3
ENSG00000144840,RABL3,er,1
ENSG00000136238,RAC1,membrane,3
ENSG00000136238,RAC1,cytoplasmic,2
ENSG00000136238,RAC1,nucleoplasm,2
ENSG00000136238,RAC1,nuclear_punctae,1
ENSG00000169750,RAC3,cytoplasmic,3
ENSG00000169750,RAC3,cell_contact,2
ENSG00000169750,RAC3,membrane,2
ENSG00000169750,RAC3,golgi,1
ENSG00000169750,RAC3,vesicles,1
ENSG00000204628,RACK1,cytoplasmic,3
ENSG00000152942,RAD17,nucleoplasm,3
ENSG00000152942,RAD17,nuclear_punctae,1
ENSG00000164754,RAD21,chromatin,3
ENSG00000164754,RAD21,nucleoplasm,1
ENSG00000132155,RAF1,cytoplasmic,3
ENSG00000017797,RALBP1,cytoplasmic,3
ENSG00000017797,RALBP1,membrane,3
ENSG00000017797,RALBP1,cell_contact,1
ENSG00000132341,RAN,big_aggregates,3
ENSG00000132341,RAN,nuclear_membrane,3
ENSG00000132341,RAN,nuclear_punctae,3
ENSG00000132341,RAN,cytoplasmic,2
ENSG00000132341,RAN,nucleoplasm,2
ENSG00000099901,RANBP1,cytoplasmic,3
ENSG00000141084,RANBP10,cytoplasmic,3
ENSG00000141084,RANBP10,nucleoplasm,3
ENSG00000153201,RANBP2,big_aggregates,3
ENSG00000153201,RANBP2,nuclear_membrane,3
ENSG00000010017,RANBP9,nucleoplasm,3
ENSG00000010017,RANBP9,cytoplasmic,2
ENSG00000108961,RANGRF,cytoplasmic,3
ENSG00000108961,RANGRF,nucleoplasm,3
ENSG00000162521,RBBP4,nucleoplasm,3
ENSG00000162521,RBBP4,chromatin,2
ENSG00000176731,RBIS,nucleolus_gc,3
ENSG00000176731,RBIS,vesicles,3
ENSG00000182872,RBM10,chromatin,3
ENSG00000244462,RBM12,nucleoplasm,3
ENSG00000244462,RBM12,chromatin,2
ENSG00000244462,RBM12,nucleolus_fc_dfc,2
ENSG00000183808,RBM12B,chromatin,3
ENSG00000183808,RBM12B,nuclear_punctae,3
ENSG00000183808,RBM12B,nucleolus_fc_dfc,2
ENSG00000239306,RBM14,nucleoplasm,3
ENSG00000239306,RBM14,nuclear_punctae,2
ENSG00000239306,RBM14,nucleolus_fc_dfc,2
ENSG00000162775,RBM15,chromatin,3
ENSG00000162775,RBM15,nucleoplasm,3
ENSG00000259956,RBM15B,nucleoplasm,3
ENSG00000259956,RBM15B,chromatin,2
ENSG00000134453,RBM17,chromatin,3
ENSG00000134453,RBM17,nucleoplasm,2
ENSG00000122965,RBM19,nucleolus_gc,3
ENSG00000086589,RBM22,chromatin,3
ENSG00000119707,RBM25,chromatin,3
ENSG00000106344,RBM28,nucleolus_gc,3
ENSG00000102317,RBM3,cytoplasmic,3
ENSG00000102317,RBM3,nucleoplasm,3
ENSG00000102317,RBM3,nuclear_punctae,2
ENSG00000184863,RBM33,chromatin,3
ENSG00000184863,RBM33,nucleoplasm,2
ENSG00000188739,RBM34,nucleolus_gc,3
ENSG00000132819,RBM38,cytoplasmic,3
ENSG00000132819,RBM38,nucleoplasm,2
ENSG00000131051,RBM39,chromatin,3
ENSG00000173933,RBM4,nucleoplasm,3
ENSG00000173933,RBM4,chromatin,2
ENSG00000173933,RBM4,cytoplasmic,1
ENSG00000089682,RBM41,nucleoplasm,3
ENSG00000089682,RBM41,big_aggregates,2
ENSG00000089682,RBM41,nuclear_punctae,2
ENSG00000089682,RBM41,cytoplasmic,1
ENSG00000126254,RBM42,chromatin,3
ENSG00000003756,RBM5,chromatin,3
ENSG00000004534,RBM6,nucleolus_fc_dfc,3
ENSG00000004534,RBM6,nucleoplasm,3
ENSG00000004534,RBM6,nuclear_punctae,2
ENSG00000076053,RBM7,nucleoplasm,3
ENSG00000076053,RBM7,nucleolus_fc_dfc,1
ENSG00000265241,RBM8A,chromatin,3
ENSG00000147274,RBMX,nucleoplasm,3
ENSG00000147274,RBMX,chromatin,1
ENSG00000147274,RBMX,nuclear_punctae,1
ENSG00000131381,RBSN,big_aggregates,3
ENSG00000131381,RBSN,cytoplasmic,1
ENSG00000132563,REEP2,er,3
ENSG00000132563,REEP2,nuclear_punctae,2
ENSG00000165476,REEP3,er,3
ENSG00000168476,REEP4,er,3
ENSG00000168476,REEP4,vesicles,2
ENSG00000129625,REEP5,er,3
ENSG00000115255,REEP6,er,3
ENSG00000173039,RELA,cytoplasmic,3
ENSG00000173039,RELA,nucleoplasm,1
ENSG00000157916,RER1,golgi,3
ENSG00000157916,RER1,vesicles,3
ENSG00000106615,RHEB,cytoplasmic,3
ENSG00000106615,RHEB,nucleoplasm,3
ENSG00000067560,RHOA,cytoplasmic,3
ENSG00000067560,RHOA,nucleoplasm,1
ENSG00000067560,RHOA,vesicles,1
ENSG00000143878,RHOB,membrane,3
ENSG00000143878,RHOB,vesicles,3
ENSG00000155366,RHOC,cytoplasmic,3
ENSG00000155366,RHOC,nucleoplasm,2
ENSG00000177105,RHOG,membrane,3
ENSG00000177105,RHOG,er,2
ENSG00000164327,RICTOR,cytoplasmic,3
ENSG00000164327,RICTOR,membrane,2
ENSG00000164327,RICTOR,vesicles,2
ENSG00000204227,RING1,chromatin,3
ENSG00000204227,RING1,nuclear_punctae,3
ENSG00000204227,RING1,nucleoplasm,2
ENSG00000124784,RIOK1,cytoplasmic,3
ENSG00000124784,RIOK1,nucleoplasm,2
ENSG00000058729,RIOK2,cytoplasmic,3
ENSG00000101782,RIOK3,cytoplasmic,3
ENSG00000104889,RNASEH2A,nucleoplasm,3
ENSG00000104889,RNASEH2A,chromatin,2
ENSG00000104889,RNASEH2A,cytoplasmic,1
ENSG00000115963,RND3,cytoplasmic,3
ENSG00000115963,RND3,membrane,2
ENSG00000103549,RNF40,nucleoplasm,3
ENSG00000103549,RNF40,nuclear_punctae,2
ENSG00000067900,ROCK1,cytoplasmic,3
ENSG00000067900,ROCK1,membrane,3
ENSG00000067900,ROCK1,cell_contact,2
ENSG00000122484,RPAP2,cytoplasmic,3
ENSG00000198755,RPL10A,cytoplasmic,3
ENSG00000198755,RPL10A,nucleolus_gc,2
ENSG00000142676,RPL11,cytoplasmic,3
ENSG00000142676,RPL11,nucleolus_gc,3
ENSG00000167526,RPL13,cytoplasmic,3
ENSG00000167526,RPL13,nucleolus_gc,2
ENSG00000108298,RPL19,cytoplasmic,3
ENSG00000108298,RPL19,nucleolus_gc,2
ENSG00000131469,RPL27,cytoplasmic,3
ENSG00000131469,RPL27,nucleolus_gc,2
ENSG00000136942,RPL35,cytoplasmic,3
ENSG00000136942,RPL35,nucleolus_gc,2
ENSG00000174444,RPL4,cytoplasmic,3
ENSG00000174444,RPL4,nucleolus_gc,2
ENSG00000122406,RPL5,cytoplasmic,3
ENSG00000122406,RPL5,nucleolus_gc,3
ENSG00000163902,RPN1,er,3
ENSG00000118705,RPN2,er,3
ENSG00000148688,RPP30,nucleolus_gc,3
ENSG00000148688,RPP30,nuclear_punctae,1
ENSG00000148688,RPP30,nucleoplasm,1
ENSG00000142534,RPS11,cytoplasmic,3
ENSG00000142534,RPS11,nucleolus_gc,1
ENSG00000164587,RPS14,cytoplasmic,3
ENSG00000164587,RPS14,nucleolus_gc,1
ENSG00000105193,RPS16,cytoplasmic,3
ENSG00000231500,RPS18,cytoplasmic,3
ENSG00000117676,RPS6KA1,cytoplasmic,3
ENSG00000117676,RPS6KA1,nucleoplasm,2
ENSG00000177189,RPS6KA3,cytoplasmic,3
ENSG00000177189,RPS6KA3,nucleoplasm,3
ENSG00000162302,RPS6KA4,nucleoplasm,3
ENSG00000108443,RPS6KB1,cytoplasmic,3
ENSG00000108443,RPS6KB1,nucleoplasm,3
ENSG00000160214,RRP1,nucleolus_gc,3
ENSG00000160214,RRP1,nucleoplasm,1
ENSG00000124541,RRP36,nucleolus_gc,3
ENSG00000124541,RRP36,nucleoplasm,2
ENSG00000124541,RRP36,cytoplasmic,1
ENSG00000171490,RSL1D1,nucleolus_gc,3
ENSG00000100220,RTCB,cytoplasmic,3
ENSG00000100220,RTCB,nucleoplasm,3
ENSG00000115310,RTN4,er,3
ENSG00000115310,RTN4,membrane,2
ENSG00000175792,RUVBL1,cytoplasmic,3
ENSG00000175792,RUVBL1,nucleoplasm,3
ENSG00000183207,RUVBL2,cytoplasmic,3
ENSG00000183207,RUVBL2,nucleoplasm,3
ENSG00000197747,S100A10,cytoplasmic,3
ENSG00000197747,S100A10,membrane,2
ENSG00000197747,S100A10,vesicles,1
ENSG00000211456,SACM1L,er,3
ENSG00000211456,SACM1L,golgi,3
ENSG00000142230,SAE1,nucleoplasm,3
ENSG00000079332,SAR1A,golgi,3
ENSG00000079332,SAR1A,mitochondria,2
ENSG00000079332,SAR1A,er,1
ENSG00000152700,SAR1B,golgi,3
ENSG00000152700,SAR1B,er,2
ENSG00000031698,SARS1,cytoplasmic,3
ENSG00000126524,SBDS,cytoplasmic,3
ENSG00000126524,SBDS,nucleoplasm,3
ENSG00000109929,SC5D,vesicles,3
ENSG00000109929,SC5D,er,1
ENSG00000085365,SCAMP1,golgi,3
ENSG00000085365,SCAMP1,vesicles,3
ENSG00000085365,SCAMP1,membrane,1
ENSG00000140497,SCAMP2,golgi,3
ENSG00000140497,SCAMP2,vesicles,3
ENSG00000140497,SCAMP2,membrane,1
ENSG00000227500,SCAMP4,membrane,3
ENSG00000227500,SCAMP4,vesicles,3
ENSG00000227500,SCAMP4,golgi,2
ENSG00000099194,SCD,vesicles,3
ENSG00000099194,SCD,er,2
ENSG00000145284,SCD5,er,3
ENSG00000145284,SCD5,vesicles,1
ENSG00000092108,SCFD1,er,3
ENSG00000092108,SCFD1,golgi,3
ENSG00000142186,SCYL1,cytoplasmic,3
ENSG00000142186,SCYL1,nucleoplasm,2
ENSG00000142186,SCYL1,golgi,1
ENSG00000136021,SCYL2,vesicles,3
ENSG00000136021,SCYL2,golgi,1
ENSG00000157020,SEC13,golgi,3
ENSG00000157020,SEC13,vesicles,3
ENSG00000157020,SEC13,nuclear_membrane,2
ENSG00000129657,SEC14L1,cell_contact,3
ENSG00000129657,SEC14L1,membrane,3
ENSG00000129657,SEC14L1,cytoplasmic,1
ENSG00000129657,SEC14L1,nucleoplasm,1
ENSG00000148396,SEC16A,vesicles,3
ENSG00000265808,SEC22B,vesicles,3
ENSG00000265808,SEC22B,er,2
ENSG00000100934,SEC23A,vesicles,3
ENSG00000100934,SEC23A,golgi,2
ENSG00000101310,SEC23B,vesicles,3
ENSG00000101310,SEC23B,golgi,2
ENSG00000101310,SEC23B,cytoplasmic,1
ENSG00000176986,SEC24C,vesicles,3
ENSG00000176986,SEC24C,golgi,2
ENSG00000150961,SEC24D,vesicles,3
ENSG00000138674,SEC31A,vesicles,3
ENSG00000138674,SEC31A,golgi,2
ENSG00000138674,SEC31A,cytoplasmic,1
ENSG00000106803,SEC61B,er,3
ENSG00000127922,SEM1,nuclear_punctae,3
ENSG00000127922,SEM1,nucleoplasm,3
ENSG00000127922,SEM1,cytoplasmic,2
ENSG00000138758,SEPTIN11,cytoskeleton,3
ENSG00000138758,SEPTIN11,cytoplasmic,2
ENSG00000138758,SEPTIN11,membrane,2
ENSG00000168385,SEPTIN2,cytoskeleton,3
ENSG00000168385,SEPTIN2,membrane,2
ENSG00000168385,SEPTIN2,cytoplasmic,1
ENSG00000184702,SEPTIN5,membrane,3
ENSG00000184702,SEPTIN5,cytoskeleton,2
ENSG00000122545,SEPTIN7,membrane,3
ENSG00000122545,SEPTIN7,cytoplasmic,2
ENSG00000122545,SEPTIN7,cytoskeleton,2
ENSG00000164402,SEPTIN8,cytoplasmic,3
ENSG00000164402,SEPTIN8,cytoskeleton,3
ENSG00000164402,SEPTIN8,membrane,2
ENSG00000184640,SEPTIN9,cytoskeleton,3
ENSG00000184640,SEPTIN9,membrane,3
ENSG00000099995,SF3A1,chromatin,3
ENSG00000104897,SF3A2,chromatin,3
ENSG00000104897,SF3A2,nuclear_punctae,3
ENSG00000183431,SF3A3,chromatin,3
ENSG00000115524,SF3B1,chromatin,3
ENSG00000087365,SF3B2,chromatin,3
ENSG00000189091,SF3B3,chromatin,3
ENSG00000143368,SF3B4,chromatin,3
ENSG00000143368,SF3B4,nucleoplasm,3
ENSG00000143368,SF3B4,cytoplasmic,2
ENSG00000169976,SF3B5,chromatin,3
ENSG00000115128,SF3B6,chromatin,3
ENSG00000116560,SFPQ,nuclear_punctae,3
ENSG00000116560,SFPQ,chromatin,2
ENSG00000116560,SFPQ,nucleoplasm,2
ENSG00000166224,SGPL1,er,3
ENSG00000166224,SGPL1,vesicles,1
ENSG00000141985,SH3GL1,cytoplasmic,3
ENSG00000141985,SH3GL1,membrane,3
ENSG00000141985,SH3GL1,cell_contact,1
ENSG00000097033,SH3GLB1,cytoplasmic,3
ENSG00000097033,SH3GLB1,vesicles,2
ENSG00000097033,SH3GLB1,golgi,1
ENSG00000148341,SH3GLB2,cytoplasmic,3
ENSG00000148341,SH3GLB2,vesicles,2
ENSG00000110911,SLC11A2,vesicles,3
ENSG00000139370,SLC15A4,vesicles,3
ENSG00000155380,SLC16A1,membrane,3
ENSG00000155380,SLC16A1,vesicles,3
ENSG00000112394,SLC16A10,membrane,3
ENSG00000112394,SLC16A10,vesicles,3
ENSG00000147100,SLC16A2,membrane,3
ENSG00000147100,SLC16A2,vesicles,3
ENSG00000146409,SLC18B1,vesicles,3
ENSG00000173638,SLC19A1,membrane,3
ENSG00000173638,SLC19A1,vesicles,3
ENSG00000079215,SLC1A3,membrane,3
ENSG00000079215,SLC1A3,vesicles,3
ENSG00000105281,SLC1A5,membrane,3
ENSG00000105281,SLC1A5,vesicles,3
ENSG00000089057,SLC23A2,membrane,3
ENSG00000089057,SLC23A2,vesicles,3
ENSG00000100372,SLC25A17,vesicles,3
ENSG00000225697,SLC26A6,membrane,3
ENSG00000225697,SLC26A6,vesicles,3
ENSG00000167114,SLC27A4,er,3
ENSG00000117394,SLC2A1,vesicles,3
ENSG00000136856,SLC2A8,vesicles,3
ENSG00000145740,SLC30A5,golgi,3
ENSG00000136868,SLC31A1,vesicles,3
ENSG00000169359,SLC33A1,er,3
ENSG00000169359,SLC33A1,vesicles,3
ENSG00000121073,SLC35B1,golgi,3
ENSG00000121073,SLC35B1,vesicles,3
ENSG00000121073,SLC35B1,er,1
ENSG00000205060,SLC35B4,golgi,3
ENSG00000205060,SLC35B4,vesicles,3
ENSG00000127526,SLC35E1,golgi,3
ENSG00000110660,SLC35F2,vesicles,3
ENSG00000110660,SLC35F2,golgi,2
ENSG00000157800,SLC37A3,vesicles,3
ENSG00000137700,SLC37A4,golgi,3
ENSG00000129353,SLC44A2,membrane,3
ENSG00000129353,SLC44A2,vesicles,2
ENSG00000076351,SLC46A1,membrane,3
ENSG00000076351,SLC46A1,vesicles,3
ENSG00000164889,SLC4A2,membrane,3
ENSG00000138074,SLC5A6,membrane,3
ENSG00000138074,SLC5A6,vesicles,3
ENSG00000072041,SLC6A15,vesicles,3
ENSG00000139514,SLC7A1,vesicles,3
ENSG00000139514,SLC7A1,membrane,1
ENSG00000103257,SLC7A5,membrane,3
ENSG00000103257,SLC7A5,vesicles,3
ENSG00000103064,SLC7A6,membrane,3
ENSG00000103064,SLC7A6,vesicles,3
ENSG00000109062,SLC9A3R1,vesicles,3
ENSG00000109062,SLC9A3R1,centrosome,2
ENSG00000109062,SLC9A3R1,golgi,1
ENSG00000065054,SLC9A3R2,vesicles,3
ENSG00000065054,SLC9A3R2,golgi,2
ENSG00000065613,SLK,cytoplasmic,3
ENSG00000065613,SLK,membrane,1
ENSG00000065613,SLK,nucleoplasm,1
ENSG00000102038,SMARCA1,nucleoplasm,3
ENSG00000102038,SMARCA1,chromatin,2
ENSG00000102038,SMARCA1,cytoplasmic,1
ENSG00000080503,SMARCA2,chromatin,3
ENSG00000080503,SMARCA2,nucleoplasm,3
ENSG00000127616,SMARCA4,nucleoplasm,3
ENSG00000127616,SMARCA4,chromatin,2
ENSG00000153147,SMARCA5,chromatin,3
ENSG00000163104,SMARCAD1,nucleoplasm,3
ENSG00000163104,SMARCAD1,chromatin,2
ENSG00000138375,SMARCAL1,nucleoplasm,3
ENSG00000099956,SMARCB1,nucleoplasm,3
ENSG00000099956,SMARCB1,chromatin,2
ENSG00000173473,SMARCC1,nucleoplasm,3
ENSG00000173473,SMARCC1,chromatin,2
ENSG00000139613,SMARCC2,nucleoplasm,3
ENSG00000139613,SMARCC2,chromatin,2
ENSG00000066117,SMARCD1,nucleoplasm,3
ENSG00000066117,SMARCD1,nuclear_punctae,2
ENSG00000108604,SMARCD2,nucleoplasm,3
ENSG00000108604,SMARCD2,chromatin,2
ENSG00000073584,SMARCE1,nucleoplasm,3
ENSG00000073584,SMARCE1,chromatin,2
ENSG00000072501,SMC1A,chromatin,3
ENSG00000072501,SMC1A,nucleoplasm,3
ENSG00000072501,SMC1A,nuclear_punctae,1
ENSG00000172062,SMN1,cytoplasmic,3
ENSG00000172062,SMN1,nucleoplasm,2
ENSG00000172062,SMN1,nuclear_punctae,1
ENSG00000159210,SNF8,cytoplasmic,3
ENSG00000159210,SNF8,nucleoplasm,3
ENSG00000060688,SNRNP40,chromatin,3
ENSG00000077312,SNRPA,chromatin,3
ENSG00000077312,SNRPA,nuclear_punctae,3
ENSG00000125835,SNRPB,chromatin,3
ENSG00000125835,SNRPB,nuclear_punctae,3
ENSG00000125835,SNRPB,nucleoplasm,3
ENSG00000125870,SNRPB2,chromatin,3
ENSG00000125870,SNRPB2,nuclear_punctae,2
ENSG00000124562,SNRPC,chromatin,3
ENSG00000124562,SNRPC,nuclear_punctae,3
ENSG00000125743,SNRPD2,chromatin,3
ENSG00000139343,SNRPF,chromatin,3
ENSG00000100138,SNU13,nuclear_punctae,3
ENSG00000100138,SNU13,nucleolus_fc_dfc,3
ENSG00000169371,SNUPN,cytoplasmic,3
ENSG00000169371,SNUPN,nucleoplasm,3
ENSG00000169371,SNUPN,big_aggregates,2
ENSG00000028528,SNX1,vesicles,3
ENSG00000028528,SNX1,cytoplasmic,2
ENSG00000002919,SNX11,vesicles,3
ENSG00000147164,SNX12,vesicles,3
ENSG00000115234,SNX17,cytoplasmic,3
ENSG00000115234,SNX17,vesicles,2
ENSG00000115234,SNX17,nucleoplasm,1
ENSG00000205302,SNX2,vesicles,3
ENSG00000205302,SNX2,cytoplasmic,1
ENSG00000143376,SNX27,vesicles,3
ENSG00000112335,SNX3,vesicles,3
ENSG00000114520,SNX4,vesicles,3
ENSG00000114520,SNX4,cytoplasmic,2
ENSG00000089006,SNX5,vesicles,3
ENSG00000089006,SNX5,cytoplasmic,1
ENSG00000162627,SNX7,vesicles,3
ENSG00000162627,SNX7,cytoplasmic,2
ENSG00000106266,SNX8,vesicles,3
ENSG00000106266,SNX8,cytoplasmic,2
ENSG00000130340,SNX9,cytoplasmic,3
ENSG00000130340,SNX9,big_aggregates,2
ENSG00000130340,SNX9,membrane,1
ENSG00000115904,SOS1,cytoplasmic,3
ENSG00000115904,SOS1,nucleoplasm,1
ENSG00000021574,SPAST,vesicles,3
ENSG00000021574,SPAST,cytoplasmic,1
ENSG00000021574,SPAST,nucleoplasm,1
ENSG00000090487,SPG21,vesicles,3
ENSG00000169682,SPNS1,vesicles,3
ENSG00000198917,SPOUT1,nucleolus_gc,3
ENSG00000090054,SPTLC1,er,3
ENSG00000090054,SPTLC1,vesicles,1
ENSG00000100596,SPTLC2,er,3
ENSG00000161011,SQSTM1,vesicles,3
ENSG00000161011,SQSTM1,cytoplasmic,2
ENSG00000161011,SQSTM1,nuclear_punctae,2
ENSG00000161011,SQSTM1,nucleoplasm,1
ENSG00000075142,SRI,cytoplasmic,3
ENSG00000075142,SRI,nucleoplasm,3
ENSG00000075142,SRI,big_aggregates,2
ENSG00000140319,SRP14,nucleolus_gc,3
ENSG00000140319,SRP14,nucleoplasm,3
ENSG00000140319,SRP14,cytoplasmic,2
ENSG00000153037,SRP19,cytoplasmic,3
ENSG00000153037,SRP19,er,2
ENSG00000100883,SRP54,er,3
ENSG00000167881,SRP68,cytoplasmic,3
ENSG00000174780,SRP72,cytoplasmic,3
ENSG00000143742,SRP9,nucleolus_gc,3
ENSG00000143742,SRP9,nucleoplasm,2
ENSG00000143742,SRP9,cytoplasmic,1
ENSG00000135250,SRPK2,cytoplasmic,3
ENSG00000135250,SRPK2,nucleolus_gc,3
ENSG00000135250,SRPK2,nucleoplasm,2
ENSG00000182934,SRPRA,er,3
ENSG00000144867,SRPRB,er,3
ENSG00000138385,SSB,nucleoplasm,3
ENSG00000149136,SSRP1,chromatin,3
ENSG00000149136,SSRP1,nucleoplasm,3
ENSG00000149136,SSRP1,nuclear_punctae,2
ENSG00000149136,SSRP1,nucleolus_gc,2
ENSG00000118007,STAG1,nucleoplasm,3
ENSG00000118007,STAG1,chromatin,2
ENSG00000101972,STAG2,chromatin,3
ENSG00000101972,STAG2,nucleoplasm,2
ENSG00000136738,STAM,vesicles,3
ENSG00000115145,STAM2,vesicles,3
ENSG00000115145,STAM2,cytoplasmic,1
ENSG00000167323,STIM1,er,3
ENSG00000109689,STIM2,er,3
ENSG00000109689,STIM2,membrane,1
ENSG00000109689,STIM2,vesicles,1
ENSG00000168439,STIP1,cytoplasmic,3
ENSG00000168439,STIP1,nucleoplasm,3
ENSG00000118046,STK11,centrosome,3
ENSG00000118046,STK11,cell_contact,2
ENSG00000118046,STK11,cytoplasmic,2
ENSG00000118046,STK11,membrane,2
ENSG00000102572,STK24,cytoplasmic,3
ENSG00000102572,STK24,nucleoplasm,2
ENSG00000115694,STK25,cytoplasmic,3
ENSG00000115694,STK25,nucleoplasm,3
ENSG00000115694,STK25,golgi,1
ENSG00000134602,STK26,cytoplasmic,3
ENSG00000134602,STK26,golgi,2
ENSG00000134602,STK26,nucleoplasm,1
ENSG00000165752,STK32C,cytoplasmic,3
ENSG00000165752,STK32C,nucleoplasm,3
ENSG00000211455,STK38L,cytoplasmic,3
ENSG00000211455,STK38L,nucleoplasm,3
ENSG00000211455,STK38L,vesicles,3
ENSG00000101109,STK4,cytoplasmic,3
ENSG00000101109,STK4,cytoskeleton,1
ENSG00000101109,STK4,nucleoplasm,1
ENSG00000196792,STRN3,cytoplasmic,3
ENSG00000196792,STRN3,cytoskeleton,3
ENSG00000134910,STT3A,er,3
ENSG00000163527,STT3B,er,3
ENSG00000104915,STX10,vesicles,3
ENSG00000104915,STX10,er,1
ENSG00000104915,STX10,membrane,1
ENSG00000117758,STX12,vesicles,3
ENSG00000124222,STX16,golgi,3
ENSG00000124222,STX16,vesicles,3
ENSG00000168818,STX18,er,3
ENSG00000111450,STX2,membrane,3
ENSG00000111450,STX2,vesicles,3
ENSG00000111450,STX2,cytoplasmic,2
ENSG00000166900,STX3,cytoplasmic,3
ENSG00000166900,STX3,membrane,3
ENSG00000166900,STX3,vesicles,3
ENSG00000162236,STX5,golgi,3
ENSG00000162236,STX5,er,2
ENSG00000135823,STX6,vesicles,3
ENSG00000079950,STX7,vesicles,3
ENSG00000170310,STX8,vesicles,3
ENSG00000092201,SUPT16H,chromatin,3
ENSG00000092201,SUPT16H,nuclear_membrane,3
ENSG00000196235,SUPT5H,nucleoplasm,3
ENSG00000196235,SUPT5H,nuclear_punctae,1
ENSG00000197321,SVIL,membrane,3
ENSG00000197321,SVIL,vesicles,2
ENSG00000169895,SYAP1,cytoplasmic,3
ENSG00000169895,SYAP1,golgi,3
ENSG00000169895,SYAP1,vesicles,2
ENSG00000176438,SYNE3,nuclear_membrane,3
ENSG00000162298,SYVN1,er,3
ENSG00000147133,TAF1,nucleoplasm,3
ENSG00000120656,TAF12,nucleoplasm,3
ENSG00000166012,TAF1D,nucleolus_fc_dfc,3
ENSG00000166012,TAF1D,nucleoplasm,1
ENSG00000160551,TAOK1,cytoplasmic,3
ENSG00000160551,TAOK1,big_aggregates,1
ENSG00000149930,TAOK2,cytoplasmic,3
ENSG00000149930,TAOK2,vesicles,2
ENSG00000120948,TARDBP,nuclear_punctae,3
ENSG00000120948,TARDBP,nucleoplasm,3
ENSG00000203705,TATDN3,cytoplasmic,3
ENSG00000203705,TATDN3,nucleoplasm,3
ENSG00000112592,TBP,nucleoplasm,3
ENSG00000112592,TBP,nuclear_punctae,2
ENSG00000141002,TCF25,cytoplasmic,3
ENSG00000070814,TCOF1,nucleolus_fc_dfc,3
ENSG00000042088,TDP1,nucleoplasm,3
ENSG00000147601,TERF1,nuclear_punctae,3
ENSG00000132604,TERF2,nuclear_punctae,3
ENSG00000132604,TERF2,nucleoplasm,2
ENSG00000072274,TFRC,membrane,3
ENSG00000072274,TFRC,vesicles,3
ENSG00000135966,TGFBRAP1,vesicles,3
ENSG00000116001,TIA1,cytoplasmic,3
ENSG00000116001,TIA1,nucleoplasm,3
ENSG00000156299,TIAM1,cytoplasmic,3
ENSG00000104067,TJP1,cell_contact,3
ENSG00000119139,TJP2,cell_contact,3
ENSG00000119139,TJP2,cytoplasmic,1
ENSG00000146872,TLK2,nucleoplasm,3
ENSG00000146872,TLK2,nuclear_punctae,1
ENSG00000198498,TMA16,nucleolus_gc,3
ENSG00000198498,TMA16,nucleoplasm,1
ENSG00000143183,TMCO1,er,3
ENSG00000143183,TMCO1,vesicles,3
ENSG00000143183,TMCO1,golgi,1
ENSG00000170348,TMED10,er,3
ENSG00000170348,TMED10,vesicles,3
ENSG00000170348,TMED10,golgi,2
ENSG00000086598,TMED2,vesicles,3
ENSG00000086598,TMED2,er,2
ENSG00000106460,TMEM106B,vesicles,3
ENSG00000106460,TMEM106B,membrane,1
ENSG00000105677,TMEM147,er,3
ENSG00000170088,TMEM192,vesicles,3
ENSG00000168701,TMEM208,er,3
ENSG00000137216,TMEM63B,vesicles,3
ENSG00000103978,TMEM87A,golgi,3
ENSG00000103978,TMEM87A,vesicles,3
ENSG00000120802,TMPO,nucleoplasm,3
ENSG00000120802,TMPO,chromatin,2
ENSG00000120802,TMPO,nuclear_membrane,2
ENSG00000120802,TMPO,cytoplasmic,1
ENSG00000083312,TNPO1,cytoplasmic,3
ENSG00000083312,TNPO1,nuclear_membrane,3
ENSG00000083312,TNPO1,nucleoplasm,3
ENSG00000083312,TNPO1,big_aggregates,2
ENSG00000064419,TNPO3,big_aggregates,3
ENSG00000064419,TNPO3,cytoplasmic,3
ENSG00000064419,TNPO3,nucleoplasm,3
ENSG00000078902,TOLLIP,cytoplasmic,3
ENSG00000078902,TOLLIP,vesicles,3
ENSG00000078902,TOLLIP,nucleoplasm,2
ENSG00000173726,TOMM20,mitochondria,3
ENSG00000154174,TOMM70,mitochondria,3
ENSG00000198900,TOP1,chromatin,3
ENSG00000198900,TOP1,nucleoplasm,1
ENSG00000131747,TOP2A,chromatin,3
ENSG00000131747,TOP2A,nucleoplasm,3
ENSG00000131747,TOP2A,nuclear_membrane,2
ENSG00000131747,TOP2A,nuclear_punctae,2
ENSG00000143337,TOR1AIP1,nuclear_membrane,3
ENSG00000143337,TOR1AIP1,cytoplasmic,1
ENSG00000047410,TPR,nuclear_membrane,3
ENSG00000047410,TPR,nucleoplasm,2
ENSG00000133112,TPT1,cytoplasmic,3
ENSG00000170043,TRAPPC1,cytoplasmic,3
ENSG00000170043,TRAPPC1,golgi,3
ENSG00000170043,TRAPPC1,vesicles,3
ENSG00000170043,TRAPPC1,nucleoplasm,2
ENSG00000168538,TRAPPC11,golgi,3
ENSG00000168538,TRAPPC11,vesicles,3
ENSG00000168538,TRAPPC11,cytoplasmic,1
ENSG00000196459,TRAPPC2,cytoplasmic,3
ENSG00000196459,TRAPPC2,golgi,2
ENSG00000196459,TRAPPC2,nucleoplasm,1
ENSG00000122779,TRIM24,chromatin,3
ENSG00000122779,TRIM24,nucleoplasm,2
ENSG00000130726,TRIM28,nucleoplasm,3
ENSG00000197323,TRIM33,nucleoplasm,3
ENSG00000197323,TRIM33,nuclear_punctae,2
ENSG00000123144,TRIR,nucleoplasm,3
ENSG00000123144,TRIR,chromatin,1
ENSG00000121486,TRMT1L,nucleolus_gc,3
ENSG00000121486,TRMT1L,nucleoplasm,2
ENSG00000092439,TRPM7,membrane,3
ENSG00000092439,TRPM7,er,1
ENSG00000196367,TRRAP,nucleoplasm,3
ENSG00000074319,TSG101,cytoplasmic,3
ENSG00000074319,TSG101,nucleoplasm,1
ENSG00000167721,TSR1,nucleolus_gc,3
ENSG00000167721,TSR1,nucleoplasm,3
ENSG00000167721,TSR1,cytoplasmic,1
ENSG00000158526,TSR2,cytoplasmic,3
ENSG00000158526,TSR2,nucleoplasm,3
ENSG00000112742,TTK,centrosome,3
ENSG00000112742,TTK,cytoplasmic,3
ENSG00000112742,TTK,nucleoplasm,3
ENSG00000123416,TUBA1B,cytoplasmic,3
ENSG00000123416,TUBA1B,cytoskeleton,2
ENSG00000188229,TUBB4B,cytoplasmic,3
ENSG00000188229,TUBB4B,cytoskeleton,3
ENSG00000188229,TUBB4B,nucleoplasm,1
ENSG00000131462,TUBG1,centrosome,3
ENSG00000131462,TUBG1,cytoplasmic,3
ENSG00000131462,TUBG1,nucleoplasm,3
ENSG00000063244,U2AF2,nuclear_punctae,3
ENSG00000063244,U2AF2,chromatin,2
ENSG00000163714,U2SURP,chromatin,3
ENSG00000163714,U2SURP,nuclear_punctae,1
ENSG00000130985,UBA1,nucleoplasm,3
ENSG00000130985,UBA1,cytoplasmic,2
ENSG00000081307,UBA5,cytoplasmic,3
ENSG00000221983,UBA52,cytoplasmic,3
ENSG00000221983,UBA52,nucleoplasm,3
ENSG00000221983,UBA52,nuclear_punctae,2
ENSG00000170315,UBB,cytoplasmic,3
ENSG00000170315,UBB,nucleoplasm,3
ENSG00000150991,UBC,cytoplasmic,3
ENSG00000150991,UBC,nucleoplasm,3
ENSG00000130725,UBE2M,nucleoplasm,3
ENSG00000130725,UBE2M,cytoplasmic,2
ENSG00000108312,UBTF,nucleolus_fc_dfc,3
ENSG00000108312,UBTF,nucleoplasm,3
ENSG00000108312,UBTF,nuclear_punctae,1
ENSG00000143222,UFC1,cytoplasmic,3
ENSG00000143222,UFC1,nucleoplasm,3
ENSG00000143222,UFC1,er,2
ENSG00000109814,UGDH,cytoplasmic,3
ENSG00000109814,UGDH,nucleoplasm,3
ENSG00000177169,ULK1,vesicles,3
ENSG00000177169,ULK1,cytoplasmic,2
ENSG00000177169,ULK1,er,2
ENSG00000140474,ULK3,vesicles,3
ENSG00000140474,ULK3,cytoplasmic,2
ENSG00000140474,ULK3,nucleoplasm,2
ENSG00000005007,UPF1,cytoplasmic,3
ENSG00000162607,USP1,nucleoplasm,3
ENSG00000103194,USP10,cytoplasmic,3
ENSG00000124422,USP22,nucleoplasm,3
ENSG00000055483,USP36,nucleolus_gc,3
ENSG00000187555,USP7,nuclear_punctae,3
ENSG00000187555,USP7,nucleoplasm,1
ENSG00000156697,UTP14A,nucleolus_gc,3
ENSG00000156697,UTP14A,nucleoplasm,1
ENSG00000141076,UTP4,nucleolus_fc_dfc,3
ENSG00000108651,UTP6,nucleolus_gc,3
ENSG00000152818,UTRN,membrane,3
ENSG00000152818,UTRN,cytoplasmic,1
ENSG00000152818,UTRN,nucleoplasm,1
ENSG00000198382,UVRAG,cytoplasmic,3
ENSG00000198382,UVRAG,vesicles,3
ENSG00000220205,VAMP2,membrane,3
ENSG00000220205,VAMP2,vesicles,3
ENSG00000220205,VAMP2,golgi,2
ENSG00000049245,VAMP3,membrane,3
ENSG00000049245,VAMP3,vesicles,3
ENSG00000049245,VAMP3,golgi,1
ENSG00000117533,VAMP4,vesicles,3
ENSG00000118640,VAMP8,vesicles,3
ENSG00000118640,VAMP8,membrane,2
ENSG00000101558,VAPA,er,3
ENSG00000101558,VAPA,golgi,3
ENSG00000101558,VAPA,vesicles,3
ENSG00000124164,VAPB,er,3
ENSG00000124164,VAPB,golgi,3
ENSG00000124164,VAPB,vesicles,2
ENSG00000125753,VASP,focal_adhesions,3
ENSG00000125753,VASP,cytoplasmic,2
ENSG00000125753,VASP,cell_contact,1
ENSG00000035403,VCL,cell_contact,3
ENSG00000035403,VCL,cytoplasmic,3
ENSG00000035403,VCL,focal_adhesions,3
ENSG00000165280,VCP,cytoplasmic,3
ENSG00000165280,VCP,nucleoplasm,3
ENSG00000165280,VCP,chromatin,2
ENSG00000165280,VCP,cytoskeleton,1
ENSG00000165280,VCP,er,1
ENSG00000213585,VDAC1,mitochondria,3
ENSG00000165637,VDAC2,mitochondria,3
ENSG00000078668,VDAC3,mitochondria,3
ENSG00000134086,VHL,cytoplasmic,3
ENSG00000134086,VHL,nucleoplasm,3
ENSG00000026025,VIM,cytoskeleton,3
ENSG00000026025,VIM,membrane,1
ENSG00000062716,VMP1,er,3
ENSG00000215305,VPS16,vesicles,3
ENSG00000215305,VPS16,cytoplasmic,2
ENSG00000104142,VPS18,cytoplasmic,3
ENSG00000104142,VPS18,vesicles,3
ENSG00000131475,VPS25,cytoplasmic,3
ENSG00000131475,VPS25,nucleoplasm,3
ENSG00000160948,VPS28,vesicles,3
ENSG00000160948,VPS28,cytoplasmic,2
ENSG00000111237,VPS29,vesicles,3
ENSG00000139719,VPS33A,cytoplasmic,3
ENSG00000139719,VPS33A,vesicles,3
ENSG00000139719,VPS33A,nucleoplasm,1
ENSG00000069329,VPS35,vesicles,3
ENSG00000136100,VPS36,cytoplasmic,3
ENSG00000136100,VPS36,nucleoplasm,3
ENSG00000136100,VPS36,vesicles,1
ENSG00000139722,VPS37B,cytoplasmic,3
ENSG00000139722,VPS37B,vesicles,2
ENSG00000166887,VPS39,vesicles,3
ENSG00000166887,VPS39,cytoplasmic,2
ENSG00000006715,VPS41,cytoplasmic,3
ENSG00000006715,VPS41,vesicles,3
ENSG00000132612,VPS4A,vesicles,3
ENSG00000132612,VPS4A,cytoplasmic,2
ENSG00000132612,VPS4A,nucleoplasm,1
ENSG00000156931,VPS8,vesicles,3
ENSG00000028116,VRK2,er,3
ENSG00000105053,VRK3,nucleoplasm,3
ENSG00000105053,VRK3,big_aggregates,2
ENSG00000151532,VTI1A,vesicles,3
ENSG00000151532,VTI1A,golgi,2
ENSG00000100568,VTI1B,vesicles,3
ENSG00000062650,WAPL,nucleoplasm,3
ENSG00000062650,WAPL,chromatin,2
ENSG00000112290,WASF1,cytoplasmic,3
ENSG00000112290,WASF1,membrane,2
ENSG00000158195,WASF2,cytoplasmic,3
ENSG00000158195,WASF2,membrane,2
ENSG00000106299,WASL,cytoplasmic,3
ENSG00000106299,WASL,membrane,3
ENSG00000106299,WASL,nucleoplasm,1
ENSG00000132471,WBP2,vesicles,3
ENSG00000132471,WBP2,cytoplasmic,2
ENSG00000132471,WBP2,nucleoplasm,2
ENSG00000138442,WDR12,nucleolus_gc,3
ENSG00000138442,WDR12,nucleoplasm,1
ENSG00000065183,WDR3,nucleolus_gc,3
ENSG00000065183,WDR3,nucleoplasm,1
ENSG00000227057,WDR46,nucleolus_gc,3
ENSG00000115368,WDR75,nucleolus_gc,3
ENSG00000171475,WIPF2,cell_contact,3
ENSG00000171475,WIPF2,membrane,3
ENSG00000171475,WIPF2,cytoplasmic,2
ENSG00000060237,WNK1,cytoplasmic,3
ENSG00000186153,WWOX,golgi,3
ENSG00000123124,WWP1,cytoplasmic,3
ENSG00000123124,WWP1,vesicles,1
ENSG00000082898,XPO1,nuclear_membrane,3
ENSG00000082898,XPO1,nucleolus_gc,2
ENSG00000082898,XPO1,nucleoplasm,2
ENSG00000132953,XPO4,cytoplasmic,3
ENSG00000132953,XPO4,nuclear_membrane,3
ENSG00000132953,XPO4,nucleoplasm,3
ENSG00000124571,XPO5,nucleoplasm,3
ENSG00000169180,XPO6,cytoplasmic,3
ENSG00000169180,XPO6,nuclear_membrane,3
ENSG00000169180,XPO6,nucleoplasm,3
ENSG00000184575,XPOT,cytoplasmic,3
ENSG00000184575,XPOT,nucleoplasm,3
ENSG00000176105,YES1,membrane,3
ENSG00000176105,YES1,cytoplasmic,1
ENSG00000145817,YIPF5,golgi,3
ENSG00000145817,YIPF5,vesicles,3
ENSG00000145817,YIPF5,er,2
ENSG00000106636,YKT6,cytoplasmic,3
ENSG00000106636,YKT6,nucleoplasm,3
ENSG00000166913,YWHAB,cytoplasmic,3
ENSG00000166913,YWHAB,centrosome,2
ENSG00000166913,YWHAB,nucleoplasm,1
ENSG00000108953,YWHAE,cytoplasmic,3
ENSG00000108953,YWHAE,cell_contact,2
ENSG00000108953,YWHAE,centrosome,2
ENSG00000108953,YWHAE,nucleoplasm,1
ENSG00000170027,YWHAG,centrosome,3
ENSG00000170027,YWHAG,cytoplasmic,3
ENSG00000170027,YWHAG,nucleoplasm,2
ENSG00000170027,YWHAG,cell_contact,1
ENSG00000170027,YWHAG,membrane,1
ENSG00000128245,YWHAH,centrosome,3
ENSG00000128245,YWHAH,cytoplasmic,3
ENSG00000128245,YWHAH,cell_contact,2
ENSG00000134308,YWHAQ,cytoplasmic,3
ENSG00000134308,YWHAQ,centrosome,2
ENSG00000134308,YWHAQ,nucleoplasm,2
ENSG00000164924,YWHAZ,centrosome,3
ENSG00000164924,YWHAZ,cytoplasmic,3
ENSG00000164924,YWHAZ,nucleoplasm,3
ENSG00000100811,YY1,nucleoplasm,3
ENSG00000100811,YY1,chromatin,1
ENSG00000121766,ZCCHC17,nuclear_punctae,3
ENSG00000121766,ZCCHC17,nucleolus_gc,3
ENSG00000121766,ZCCHC17,nucleoplasm,2
ENSG00000147905,ZCCHC7,nucleolus_gc,3
ENSG00000131732,ZCCHC9,nucleolus_gc,3
ENSG00000162664,ZNF326,nuclear_punctae,3
ENSG00000162664,ZNF326,nucleolus_gc,3
ENSG00000162664,ZNF326,nucleoplasm,3
ENSG00000167962,ZNF598,cytoplasmic,3
ENSG00000167962,ZNF598,er,1
ENSG00000159840,ZYX,cell_contact,3
